,word,img,n_features,wf
0,ace,4.5,7.0,117.0
1,ache,3.8,5.0,27.0
2,act,3.5,2.0,7449.0
3,ad,4.1,7.0,4769.0
4,add,3.3,3.0,3585.0
5,aft,1.6,9.0,36.0
6,age,3.4,4.0,4993.0
7,aid,3.5,5.0,6163.0
8,aide,2.5,11.0,1988.0
9,ail,1.9,6.0,39.0
10,aim,3.9,5.0,947.0
11,air,4.0,5.0,15555.0
12,aisle,5.3,7.0,81.0
13,ale,4.0,7.0,92.0
14,all,2.3,8.0,62510.0
15,alms,2.3,1.0,9.0
16,alp,2.7,10.0,3.0
17,am,1.8,4.0,6097.0
18,an,1.2,9.0,182440.0
19,and,1.3,8.0,909157.0
20,ant,6.7,23.0,18.0
21,ape,6.8,23.0,18.0
22,apse,1.3,5.0,1.0
23,apt,1.9,6.0,239.0
24,arc,5.0,4.0,245.0
25,arch,5.1,7.0,184.0
26,are,1.3,4.0,177808.0
27,ark,5.7,10.0,446.0
28,arm,6.8,11.0,1912.0
29,art,4.6,6.0,3920.0
30,arts,4.0,7.0,1109.0
31,as,1.4,10.0,255899.0
32,ash,5.7,4.0,165.0
33,ask,2.7,7.0,3500.0
34,ass,6.0,7.0,27.0
35,at,1.4,7.0,241045.0
36,ate,3.9,5.0,156.0
37,aunt,6.2,10.0,112.0
38,awe,2.3,4.0,67.0
39,ax,6.2,16.0,106.0
40,axe,6.3,16.0,17.0
41,aye,1.7,7.0,4.0
42,babe,5.7,10.0,38.0
43,back,5.0,11.0,23300.0
44,bad,2.4,7.0,5766.0
45,badge,5.9,9.0,78.0
46,bag,6.4,6.0,628.0
47,bail,3.9,3.0,516.0
48,bait,5.6,4.0,187.0
49,bake,5.1,7.0,34.0
50,bald,6.2,6.0,103.0
51,bale,3.4,7.0,11.0
52,balk,1.8,5.0,126.0
53,ball,6.6,7.0,1393.0
54,balm,4.3,8.0,31.0
55,ban,2.9,14.0,2298.0
56,band,6.0,4.0,900.0
57,bane,2.1,3.0,38.0
58,bang,3.7,6.0,346.0
59,bank,6.1,4.0,53170.0
60,bar,6.1,13.0,2199.0
61,barb,4.3,9.0,19.0
62,bare,3.9,5.0,261.0
63,barge,5.7,20.0,170.0
64,bark,5.0,9.0,61.0
65,barn,6.9,29.0,161.0
66,base,4.4,3.0,6018.0
67,bash,3.2,6.0,114.0
68,bask,2.6,4.0,21.0
69,baste,3.5,6.0,0.0
70,bat,6.2,9.0,1468.0
71,batch,3.8,3.0,182.0
72,bath,6.0,10.0,272.0
73,bathe,4.5,8.0,17.0
74,bawl,3.6,7.0,0.0
75,bay,5.2,4.0,1452.0
76,be,1.3,2.0,203275.0
77,beach,6.5,6.0,1691.0
78,bead,6.0,7.0,12.0
79,beak,5.2,8.0,10.0
80,beam,4.6,6.0,267.0
81,bean,6.6,10.0,200.0
82,bear,6.7,22.0,3520.0
83,beard,6.3,10.0,210.0
84,beast,5.6,7.0,96.0
85,beat,3.4,,657.5
86,beat,3.4,,657.5
87,beau,3.1,14.0,31.0
88,beck,2.0,7.0,135.0
89,bed,6.6,7.0,665.0
90,bee,6.9,25.0,191.0
91,beech,3.4,19.0,184.0
92,beef,6.5,34.0,1327.0
93,beer,6.1,8.0,1618.0
94,beet,4.8,15.0,111.0
95,beg,3.7,9.0,67.0
96,beige,5.3,6.0,43.0
97,belch,4.6,8.0,9.0
98,bell,6.6,6.0,4691.0
99,belle,3.9,13.0,52.0
100,belt,6.5,4.0,987.0
101,bench,6.5,10.0,382.0
102,bend,3.9,8.0,320.0
103,bent,4.7,9.0,299.0
104,berth,2.0,5.0,27.0
105,best,2.7,6.0,11512.0
106,bet,3.1,,506.0
107,bet,3.1,,506.0
108,bib,5.9,8.0,5.0
109,bid,3.4,2.0,20125.0
110,bide,1.6,4.0,11.0
111,big,4.5,9.0,28257.0
112,bike,6.8,27.0,153.0
113,bile,3.6,8.0,21.0
114,bilge,1.7,7.0,2.0
115,bill,5.4,13.0,14420.0
116,bin,5.1,5.0,55.0
117,bind,3.1,5.0,217.0
118,binge,2.9,7.0,250.0
119,birch,4.1,7.0,104.0
120,bird,6.4,30.0,469.0
121,birth,5.1,5.0,993.0
122,bit,3.6,5.0,3372.0
123,bitch,5.4,6.0,34.0
124,bite,5.2,7.0,399.0
125,blab,2.9,7.0,0.0
126,black,6.4,5.0,9765.0
127,blade,5.8,8.0,118.0
128,blah,2.2,5.0,10.0
129,blame,2.7,5.0,1432.0
130,blanch,2.9,6.0,17.0
131,bland,2.3,8.0,116.0
132,blank,3.7,4.0,250.0
133,blare,2.9,8.0,11.0
134,blast,4.8,8.0,276.0
135,blaze,4.9,4.0,75.0
136,bleach,5.7,5.0,61.0
137,bleak,2.8,7.0,276.0
138,bleat,2.1,5.0,1.0
139,bled,4.1,6.0,32.0
140,bleed,5.7,5.0,40.0
141,blend,4.2,4.0,268.0
142,bless,2.9,4.0,42.0
143,blew,3.9,7.0,222.0
144,blight,2.2,7.0,39.0
145,blimp,5.6,10.0,88.0
146,blind,4.4,6.0,550.0
147,blink,5.5,5.0,53.0
148,bliss,3.1,4.0,51.0
149,blithe,1.6,7.0,22.0
150,blitz,3.4,6.0,176.0
151,bloat,3.7,5.0,8.0
152,blob,4.4,4.0,16.0
153,block,5.7,5.0,4366.0
154,bloke,2.4,13.0,3.0
155,blonde,6.3,8.0,76.0
156,blood,6.4,9.0,2656.0
157,bloom,5.0,8.0,344.0
158,blot,4.0,7.0,41.0
159,blotch,4.2,9.0,5.0
160,blouse,6.4,23.0,22.0
161,blow,4.2,6.0,1174.0
162,blue,6.1,5.0,4164.0
163,bluff,3.7,8.0,89.0
164,blunt,4.3,7.0,402.0
165,blur,4.1,3.0,72.0
166,blurt,2.7,6.0,6.0
167,blush,5.2,6.0,54.0
168,boar,4.6,27.0,6.0
169,board,5.8,6.0,30768.0
170,boast,2.8,10.0,188.0
171,boat,6.7,20.0,880.0
172,bob,3.5,4.0,1414.0
173,bode,2.0,7.0,178.0
174,bog,2.9,3.0,38.0
175,boil,5.5,6.0,81.0
176,bold,2.9,8.0,564.0
177,bolt,5.6,5.0,126.0
178,bomb,6.4,11.0,779.0
179,bond,4.0,7.0,16194.0
180,bone,6.4,16.0,395.0
181,book,6.3,16.0,6882.0
182,boom,3.8,5.0,1960.0
183,boon,2.0,5.0,167.0
184,boost,2.9,3.0,5847.0
185,boot,6.9,16.0,187.0
186,booth,5.6,11.0,226.0
187,booze,5.9,8.0,54.0
188,boss,5.1,9.0,1098.0
189,botch,2.4,4.0,6.0
190,both,2.3,10.0,25695.0
191,bough,2.0,9.0,2.0
192,bought,3.2,5.0,8447.0
193,bounce,4.7,6.0,272.0
194,bound,3.3,6.0,1064.0
195,bout,1.8,3.0,209.0
196,bowl,6.3,9.0,462.0
197,box,6.7,8.0,1497.0
198,boy,6.2,9.0,1055.0
199,bra,6.6,22.0,36.0
200,brace,4.8,7.0,280.0
201,brag,3.1,9.0,47.0
202,braid,5.9,6.0,7.0
203,brain,6.4,6.0,712.0
204,braise,2.0,5.0,0.0
205,brake,5.3,7.0,347.0
206,bran,3.2,7.0,69.0
207,branch,6.0,7.0,2389.0
208,brand,3.9,7.0,2511.0
209,brash,2.3,8.0,111.0
210,brass,5.8,7.0,291.0
211,brat,5.0,13.0,27.0
212,brave,3.3,7.0,197.0
213,brawl,4.1,3.0,47.0
214,braze,2.3,5.0,0.0
215,breach,3.3,4.0,672.0
216,bread,6.2,8.0,457.0
217,breadth,1.8,5.0,153.0
218,break,4.5,5.0,3571.0
219,breast,6.7,5.0,288.0
220,breath,5.0,9.0,245.0
221,breathe,3.8,6.0,136.0
222,breech,2.8,5.0,11.0
223,breed,3.9,4.0,320.0
224,breeze,4.4,7.0,98.0
225,brew,4.6,8.0,94.0
226,bribe,3.7,7.0,182.0
227,brick,6.6,4.0,301.0
228,bride,6.4,10.0,102.0
229,bridge,6.7,10.0,1301.0
230,brief,2.5,7.0,1710.0
231,bright,4.4,5.0,974.0
232,brim,3.8,6.0,23.0
233,bring,2.6,6.0,5246.0
234,brink,3.1,6.0,242.0
235,brisk,2.6,6.0,557.0
236,broach,4.0,9.0,10.0
237,broad,3.3,8.0,3234.0
238,broil,4.3,5.0,2.0
239,broke,3.7,7.0,1956.0
240,bronze,5.6,7.0,144.0
241,brooch,3.3,8.0,8.0
242,brood,3.2,6.0,24.0
243,brook,5.8,9.0,281.0
244,broom,6.6,5.0,44.0
245,broth,4.5,11.0,7.0
246,brought,2.1,7.0,5436.0
247,brow,4.8,6.0,27.0
248,brown,5.8,7.0,3173.0
249,bruise,6.3,6.0,10.0
250,brunch,3.8,12.0,28.0
251,brunt,2.1,5.0,145.0
252,brush,6.2,5.0,264.0
253,brute,4.0,11.0,33.0
254,buck,5.9,7.0,417.0
255,bud,4.9,7.0,242.0
256,budge,3.1,4.0,93.0
257,buff,4.0,6.0,74.0
258,bug,6.7,23.0,139.0
259,build,3.8,5.0,5376.0
260,built,3.4,6.0,4603.0
261,bulb,6.6,8.0,111.0
262,bulge,4.8,5.0,68.0
263,bulk,3.5,5.0,1205.0
264,bull,6.2,36.0,1391.0
265,bum,5.0,13.0,84.0
266,bump,4.9,6.0,95.0
267,bun,6.0,9.0,23.0
268,bunch,4.0,5.0,483.0
269,bunk,4.8,6.0,41.0
270,bunt,3.8,6.0,12.0
271,burl,1.8,7.0,5.0
272,burn,4.7,5.0,386.0
273,burp,4.7,9.0,10.0
274,burr,4.4,7.0,66.0
275,burst,3.5,7.0,373.0
276,bus,6.8,7.0,1045.0
277,bush,6.3,15.0,8190.0
278,bust,4.6,4.0,375.0
279,but,1.9,9.0,174118.0
280,butch,4.5,10.0,22.0
281,butt,6.3,8.0,76.0
282,buy,3.6,4.0,28793.0
283,buzz,4.0,6.0,76.0
284,by,1.6,9.0,243832.0
285,cab,6.7,14.0,152.0
286,cache,2.6,10.0,71.0
287,cage,6.4,6.0,112.0
288,cake,6.8,5.0,210.0
289,calf,6.5,10.0,70.0
290,call,4.4,5.0,7333.0
291,calm,2.8,6.0,696.0
292,calve,5.2,5.0,0.0
293,cam,2.6,7.0,96.0
294,came,2.4,8.0,10386.0
295,camp,6.4,9.0,1301.0
296,cane,6.4,6.0,124.0
297,cap,6.2,8.0,1067.0
298,cape,6.2,5.0,288.0
299,car,6.9,56.0,8623.0
300,card,6.4,6.0,3178.0
301,care,3.1,7.0,10293.0
302,carp,4.6,3.0,30.0
303,cart,6.0,17.0,103.0
304,carve,4.8,6.0,126.0
305,case,4.5,5.0,17629.0
306,cash,6.6,4.0,18476.0
307,cask,2.7,6.0,10.0
308,cast,4.4,,697.0
309,cast,4.4,,697.0
310,caste,2.4,3.0,20.0
311,cat,6.5,24.0,387.0
312,catch,4.4,4.0,1168.0
313,caught,3.3,5.0,1724.0
314,caulk,3.7,6.0,1.0
315,cause,1.8,4.0,4671.0
316,cave,6.7,8.0,201.0
317,cease,2.7,2.0,1043.0
318,cell,5.8,11.0,631.0
319,cent,5.7,7.0,1228.0
320,chafe,2.5,5.0,25.0
321,chain,6.5,5.0,4547.0
322,chair,6.5,12.0,427.0
323,chaise,2.0,13.0,7.0
324,chalk,6.8,6.0,77.0
325,champ,4.6,9.0,112.0
326,chance,2.1,3.0,4123.0
327,change,3.2,3.0,13304.0
328,chant,4.0,7.0,68.0
329,chap,3.5,11.0,37.0
330,char,3.2,4.0,8.0
331,charge,3.4,8.0,9618.0
332,charm,4.5,7.0,272.0
333,chart,5.7,9.0,494.0
334,chase,4.4,4.0,2116.0
335,chaste,2.5,6.0,0.0
336,chat,4.2,6.0,159.0
337,cheap,3.1,6.0,1333.0
338,cheat,3.7,7.0,136.0
339,check,4.9,4.0,1959.0
340,cheek,6.4,6.0,154.0
341,cheep,2.9,9.0,0.0
342,cheer,4.6,7.0,181.0
343,cheese,6.4,7.0,325.0
344,chef,6.2,10.0,157.0
345,chess,6.3,15.0,187.0
346,chest,6.1,5.0,386.0
347,chew,4.9,9.0,76.0
348,chic,4.0,4.0,131.0
349,chick,5.9,36.0,22.0
350,chide,2.1,7.0,8.0
351,child,6.4,12.0,3095.0
352,chill,3.7,7.0,154.0
353,chime,5.1,9.0,13.0
354,chimp,6.6,23.0,23.0
355,chin,6.2,6.0,112.0
356,chip,5.7,5.0,3376.0
357,chirp,4.2,10.0,11.0
358,chive,4.7,13.0,0.0
359,choice,2.6,5.0,3184.0
360,choir,5.5,4.0,97.0
361,choke,5.0,6.0,164.0
362,choose,2.3,5.0,1619.0
363,chop,4.5,7.0,58.0
364,chord,4.6,4.0,91.0
365,chore,4.2,6.0,67.0
366,chose,2.8,6.0,1061.0
367,chow,4.3,7.0,26.0
368,chrome,5.9,7.0,53.0
369,chuck,3.5,7.0,207.0
370,chug,4.1,6.0,11.0
371,chum,3.7,10.0,31.0
372,chump,3.9,10.0,9.0
373,chunk,4.5,5.0,464.0
374,church,6.7,6.0,2079.0
375,churn,4.9,6.0,54.0
376,chute,3.7,5.0,27.0
377,cinch,2.7,3.0,33.0
378,cite,2.3,4.0,586.0
379,clad,2.1,5.0,161.0
380,claim,2.6,9.0,3808.0
381,clam,6.0,13.0,29.0
382,clamp,4.6,6.0,79.0
383,clan,4.9,3.0,68.0
384,clang,3.0,6.0,9.0
385,clank,3.0,7.0,3.0
386,clap,5.6,6.0,13.0
387,clash,3.8,5.0,326.0
388,clasp,4.1,5.0,7.0
389,class,5.6,3.0,8670.0
390,clause,2.4,10.0,669.0
391,claw,6.0,6.0,18.0
392,clay,6.1,7.0,290.0
393,clean,4.5,4.0,1737.0
394,cleanse,4.0,7.0,26.0
395,clear,3.6,6.0,7829.0
396,cleat,3.9,9.0,1.0
397,cleave,2.5,6.0,5.0
398,clef,2.9,12.0,2.0
399,cleft,3.9,5.0,4.0
400,clench,3.4,5.0,2.0
401,clerk,6.2,9.0,471.0
402,click,3.7,5.0,50.0
403,cliff,6.3,5.0,212.0
404,climb,5.4,5.0,1028.0
405,clinch,3.3,6.0,33.0
406,cling,4.0,3.0,98.0
407,clink,2.4,4.0,6.0
408,clip,5.2,8.0,230.0
409,clique,3.8,4.0,49.0
410,cloak,5.4,5.0,47.0
411,clock,6.8,8.0,493.0
412,clod,3.3,5.0,2.0
413,clog,4.5,7.0,41.0
414,clone,4.8,4.0,303.0
415,clop,2.3,8.0,0.0
416,close,3.7,,8861.5
417,close,3.7,,8861.5
418,clot,4.2,5.0,282.0
419,cloth,6.0,8.0,106.0
420,clothe,4.6,5.0,1.0
421,clothes,6.4,6.0,813.0
422,cloud,6.7,4.0,426.0
423,clout,2.1,10.0,562.0
424,clove,4.7,7.0,7.0
425,clown,6.9,10.0,55.0
426,club,5.5,6.0,2389.0
427,cluck,3.6,5.0,7.0
428,clue,4.2,7.0,163.0
429,clump,3.9,4.0,19.0
430,clung,3.1,4.0,59.0
431,clutch,4.1,5.0,44.0
432,coach,6.0,9.0,701.0
433,coal,6.3,5.0,2538.0
434,coarse,3.7,8.0,44.0
435,coast,5.4,9.0,2540.0
436,coat,6.7,27.0,270.0
437,coax,2.1,5.0,73.0
438,cob,5.4,11.0,12.0
439,cock,5.1,6.0,8.0
440,cod,4.3,8.0,70.0
441,code,3.9,6.0,2480.0
442,coin,6.5,8.0,467.0
443,coke,6.8,5.0,760.0
444,cold,4.2,5.0,1456.0
445,colt,6.1,11.0,207.0
446,comb,6.4,7.0,172.0
447,come,2.2,7.0,12950.0
448,con,2.3,7.0,202.0
449,cone,5.8,4.0,213.0
450,conk,2.6,17.0,2.0
451,cook,5.4,5.0,687.0
452,cool,3.3,6.0,770.0
453,coon,5.1,9.0,8.0
454,coop,3.6,30.0,24.0
455,coot,1.9,32.0,3.0
456,cop,6.4,11.0,295.0
457,cope,2.5,3.0,531.0
458,cord,5.9,7.0,66.0
459,core,4.3,3.0,2077.0
460,cork,6.2,5.0,61.0
461,corn,6.8,19.0,2788.0
462,corps,3.9,,276.5
463,corps,3.9,,276.5
464,corpse,6.4,5.0,63.0
465,cost,3.8,7.0,17560.0
466,cot,5.4,7.0,16.0
467,couch,6.7,11.0,138.0
468,cough,5.6,5.0,126.0
469,could,1.7,7.0,50043.0
470,count,4.4,3.0,1752.0
471,coup,2.7,5.0,989.0
472,course,3.1,4.0,7072.0
473,court,6.3,3.0,28528.0
474,cove,4.5,5.0,62.0
475,cow,6.8,36.0,255.0
476,coy,2.2,8.0,33.0
477,crab,6.4,16.0,49.0
478,crack,4.9,4.0,785.0
479,craft,4.5,4.0,754.0
480,cram,3.7,4.0,62.0
481,cramp,4.5,7.0,6.0
482,crane,5.9,7.0,336.0
483,crank,4.1,11.0,57.0
484,craps,4.0,10.0,13.0
485,crash,4.6,8.0,9838.0
486,crate,6.1,9.0,40.0
487,crave,3.5,5.0,47.0
488,crawl,4.4,5.0,102.0
489,craze,2.7,4.0,123.0
490,creak,4.2,8.0,6.0
491,cream,5.7,4.0,688.0
492,crease,4.1,6.0,4.0
493,creed,3.8,6.0,54.0
494,creek,5.9,8.0,308.0
495,creep,4.0,4.0,95.0
496,crept,4.0,5.0,100.0
497,crest,5.4,4.0,138.0
498,crew,5.2,4.0,1038.0
499,crib,6.1,7.0,29.0
500,crick,3.0,7.0,23.0
501,crime,4.0,6.0,2061.0
502,cringe,3.7,4.0,32.0
503,crisp,4.0,7.0,71.0
504,croak,3.5,8.0,2.0
505,crock,3.3,12.0,7.0
506,crook,5.0,11.0,26.0
507,croon,2.4,7.0,4.0
508,crop,5.6,7.0,2065.0
509,cross,6.3,4.0,2107.0
510,crotch,5.3,5.0,10.0
511,crouch,4.4,7.0,29.0
512,crow,6.3,10.0,204.0
513,crowd,5.3,4.0,1148.0
514,crown,6.2,7.0,621.0
515,crude,2.5,7.0,3462.0
516,cruise,5.6,4.0,807.0
517,crumb,6.2,11.0,9.0
518,crunch,4.1,5.0,317.0
519,crush,4.7,9.0,183.0
520,crust,5.8,5.0,40.0
521,crutch,5.8,7.0,13.0
522,cry,5.3,6.0,472.0
523,crypt,5.0,12.0,8.0
524,cub,5.8,8.0,40.0
525,cube,6.1,6.0,26.0
526,cud,2.8,6.0,1.0
527,cue,3.3,8.0,129.0
528,cuff,5.4,7.0,45.0
529,cult,4.8,6.0,165.0
530,cup,6.7,8.0,450.0
531,curb,5.8,7.0,940.0
532,curd,3.3,6.0,18.0
533,cure,3.2,5.0,530.0
534,curl,5.1,5.0,29.0
535,curse,3.4,6.0,68.0
536,curt,2.4,9.0,66.0
537,curve,4.4,5.0,342.0
538,cusp,1.8,7.0,1.0
539,cut,5.1,,6151.0
540,cut,5.1,,6151.0
541,cute,4.4,5.0,153.0
542,cyst,3.0,7.0,7.0
543,czar,3.2,11.0,150.0
544,dab,3.1,6.0,13.0
545,dad,6.7,14.0,227.0
546,daft,1.8,8.0,8.0
547,dale,3.2,7.0,318.0
548,dam,5.3,11.0,272.0
549,dame,3.5,14.0,93.0
550,damn,3.2,3.0,214.0
551,damp,4.2,6.0,296.0
552,dance,5.6,6.0,875.0
553,dank,2.2,7.0,18.0
554,dare,2.5,2.0,181.0
555,dark,4.6,6.0,1039.0
556,darn,2.0,7.0,62.0
557,dart,6.1,7.0,727.0
558,dash,3.8,7.0,169.0
559,date,4.8,9.0,4683.0
560,daunt,2.3,5.0,7.0
561,dawn,5.3,8.0,286.0
562,day,4.8,8.0,23907.0
563,days,4.0,9.0,18406.0
564,daze,3.1,4.0,15.0
565,dead,5.3,5.0,1844.0
566,deaf,3.3,6.0,130.0
567,deal,3.0,9.0,7957.0
568,dealt,2.8,10.0,632.0
569,dean,4.6,10.0,2285.0
570,dear,3.6,5.0,245.0
571,dearth,1.4,5.0,163.0
572,death,4.7,4.0,3871.0
573,debt,4.0,4.0,28923.0
574,deck,6.4,5.0,268.0
575,deed,3.4,5.0,99.0
576,deem,1.8,5.0,70.0
577,deep,4.3,5.0,2169.0
578,deer,6.7,,94.5
579,deer,6.7,,94.5
580,dell,3.5,7.0,132.0
581,den,5.4,9.0,76.0
582,dense,3.0,8.0,100.0
583,dent,5.3,8.0,160.0
584,depth,3.5,5.0,487.0
585,desk,6.4,11.0,975.0
586,dew,5.7,5.0,23.0
587,did,1.9,3.0,12250.0
588,die,4.4,4.0,1047.0
589,dig,5.4,4.0,160.0
590,dike,4.0,11.0,26.0
591,dill,4.3,13.0,28.0
592,dim,3.8,6.0,189.0
593,dime,6.8,9.0,209.0
594,din,2.7,5.0,48.0
595,dine,3.5,5.0,60.0
596,dip,4.3,9.0,230.0
597,dire,1.9,7.0,199.0
598,dirge,1.7,10.0,8.0
599,dirt,6.2,8.0,315.0
600,dish,6.2,8.0,179.0
601,ditch,5.9,5.0,150.0
602,dive,4.6,10.0,205.0
603,do,1.7,2.0,27937.0
604,dock,6.1,5.0,174.0
605,dodge,4.9,6.0,709.0
606,doe,5.8,25.0,140.0
607,does,1.6,26.0,8595.0
608,dog,6.9,26.0,1006.0
609,doll,6.4,5.0,180.0
610,dolt,1.8,9.0,6.0
611,dome,4.8,9.0,1090.0
612,don,2.4,5.0,881.0
613,done,2.3,5.0,6760.0
614,doom,3.4,6.0,177.0
615,dope,4.9,5.0,83.0
616,dorm,6.0,10.0,34.0
617,dose,3.3,6.0,388.0
618,dot,6.3,6.0,210.0
619,dote,2.0,8.0,3.0
620,doubt,2.5,4.0,2665.0
621,dough,5.9,8.0,75.0
622,dour,1.5,7.0,40.0
623,douse,2.6,5.0,18.0
624,down,4.0,12.0,35335.0
625,doze,4.1,7.0,4.0
626,drab,2.7,7.0,70.0
627,draft,4.0,13.0,1330.0
628,drag,4.5,5.0,534.0
629,drain,5.5,5.0,451.0
630,drank,4.6,5.0,75.0
631,drape,4.7,5.0,12.0
632,draught,2.4,9.0,2.0
633,draw,5.0,5.0,1538.0
634,drawl,2.8,4.0,24.0
635,dread,2.7,8.0,72.0
636,dream,4.9,5.0,949.0
637,dredge,2.6,4.0,23.0
638,drench,4.2,6.0,1.0
639,dress,6.0,5.0,555.0
640,drew,3.9,6.0,1323.0
641,drift,3.5,5.0,305.0
642,drill,6.0,5.0,295.0
643,drink,5.7,4.0,1297.0
644,drip,4.9,6.0,34.0
645,drive,5.3,7.0,3685.0
646,drone,3.1,24.0,31.0
647,drool,5.0,4.0,2.0
648,droop,3.6,6.0,4.0
649,drop,4.3,6.0,9127.0
650,drought,3.8,5.0,1548.0
651,drove,4.4,8.0,803.0
652,drown,4.7,4.0,34.0
653,drug,5.6,4.0,12955.0
654,drum,6.4,9.0,209.0
655,drunk,5.0,5.0,200.0
656,dry,3.8,5.0,1240.0
657,dub,2.0,6.0,27.0
658,duck,6.5,5.0,390.0
659,duct,3.5,7.0,11.0
660,dud,3.0,9.0,28.0
661,dude,5.2,12.0,31.0
662,due,2.1,6.0,11916.0
663,dug,4.7,5.0,150.0
664,duke,4.6,13.0,477.0
665,dull,3.0,8.0,414.0
666,dumb,3.5,8.0,224.0
667,dump,4.7,4.0,446.0
668,dunce,3.3,9.0,5.0
669,dune,4.5,8.0,18.0
670,dung,3.7,7.0,20.0
671,dunk,4.9,9.0,53.0
672,dupe,1.9,6.0,6.0
673,dusk,5.2,8.0,70.0
674,dust,5.2,8.0,476.0
675,dwarf,6.4,5.0,88.0
676,dwell,3.1,5.0,78.0
677,dye,5.2,5.0,90.0
678,each,2.3,8.0,24211.0
679,ear,6.8,9.0,290.0
680,earl,3.2,13.0,294.0
681,earn,3.0,5.0,1934.0
682,earth,6.5,15.0,957.0
683,ease,2.6,4.0,1974.0
684,east,4.2,7.0,5959.0
685,eat,4.8,4.0,933.0
686,ebb,1.4,6.0,59.0
687,edge,5.1,7.0,1565.0
688,eel,6.3,8.0,16.0
689,elf,6.6,6.0,228.0
690,elk,6.0,,64.5
691,elk,6.0,,64.5
692,elm,5.8,19.0,65.0
693,else,1.7,9.0,3379.0
694,elves,6.5,7.0,6.0
695,end,3.0,6.0,21222.0
696,etch,3.2,5.0,29.0
697,eve,3.3,12.0,436.0
698,ewe,3.9,8.0,3.0
699,eye,6.7,11.0,1757.0
700,face,6.4,10.0,8824.0
701,fact,2.6,5.0,8831.0
702,fad,2.8,8.0,134.0
703,fade,4.0,3.0,213.0
704,fag,3.7,11.0,3.0
705,fail,3.1,5.0,1332.0
706,faint,4.6,6.0,104.0
707,fair,3.8,4.0,3029.0
708,faith,3.5,5.0,1147.0
709,fake,3.2,6.0,246.0
710,fall,4.8,6.0,9925.0
711,fame,3.5,3.0,371.0
712,fan,6.0,7.0,470.0
713,fang,6.1,9.0,38.0
714,far,3.5,10.0,17233.0
715,farce,2.1,7.0,73.0
716,fare,2.5,6.0,1462.0
717,farm,6.2,10.0,4912.0
718,fast,3.0,9.0,4058.0
719,fat,5.8,7.0,1127.0
720,fate,3.0,3.0,790.0
721,fault,2.1,4.0,556.0
722,fawn,6.3,5.0,43.0
723,faze,2.4,4.0,23.0
724,fear,2.9,5.0,4321.0
725,feast,5.5,6.0,93.0
726,feat,2.1,5.0,136.0
727,fed,3.4,7.0,8405.0
728,fee,3.7,10.0,2802.0
729,feed,4.4,6.0,988.0
730,feel,2.9,5.0,4605.0
731,feet,6.7,16.0,2924.0
732,feign,2.2,5.0,9.0
733,fell,3.7,7.0,21296.0
734,felt,3.1,6.0,2729.0
735,fence,6.6,10.0,262.0
736,fern,6.2,10.0,19.0
737,fetch,4.0,5.0,434.0
738,feud,3.8,4.0,274.0
739,few,2.7,9.0,17977.0
740,fib,3.2,8.0,1.0
741,field,6.5,8.0,4602.0
742,fiend,3.4,10.0,8.0
743,fierce,3.6,8.0,514.0
744,fife,2.2,15.0,7.0
745,fifth,4.4,12.0,2095.0
746,fig,5.1,10.0,41.0
747,fight,4.8,4.0,5184.0
748,file,5.8,5.0,2523.0
749,fill,3.5,4.0,1608.0
750,film,6.0,5.0,4016.0
751,filth,4.6,7.0,19.0
752,fin,5.3,8.0,69.0
753,finch,4.3,31.0,29.0
754,find,2.5,3.0,8820.0
755,fine,2.4,5.0,3133.0
756,fir,3.5,7.0,16.0
757,fire,6.5,3.0,3925.0
758,firm,4.1,4.0,22031.0
759,first,4.1,9.0,65180.0
760,fish,6.8,,663.5
761,fish,6.8,,663.5
762,fist,6.5,16.0,97.0
763,fit,3.1,,815.0
764,fit,3.1,,815.0
765,five,5.8,12.0,20929.0
766,fix,3.2,5.0,773.0
767,fizz,4.6,7.0,14.0
768,flag,6.8,6.0,799.0
769,flail,2.7,6.0,12.0
770,flair,2.6,7.0,107.0
771,flak,1.8,8.0,60.0
772,flake,5.2,5.0,3.0
773,flame,6.2,4.0,122.0
774,flank,3.0,5.0,59.0
775,flap,4.0,4.0,182.0
776,flare,4.5,7.0,92.0
777,flash,4.9,8.0,212.0
778,flask,5.0,11.0,12.0
779,flat,4.1,6.0,2476.0
780,flaunt,2.8,3.0,21.0
781,flaw,3.1,3.0,185.0
782,flax,2.0,8.0,8.0
783,flea,6.5,23.0,40.0
784,fleck,2.6,5.0,10.0
785,flee,3.9,5.0,163.0
786,fleet,4.5,5.0,1427.0
787,flesh,5.7,7.0,179.0
788,flew,3.7,5.0,671.0
789,flex,4.1,6.0,73.0
790,flick,3.9,8.0,75.0
791,flight,5.0,3.0,3488.0
792,flinch,3.9,5.0,17.0
793,fling,3.6,7.0,36.0
794,flint,4.4,7.0,143.0
795,flip,4.0,6.0,280.0
796,flirt,4.9,6.0,13.0
797,float,5.1,4.0,289.0
798,flock,5.6,3.0,155.0
799,flog,3.5,6.0,6.0
800,flood,6.4,4.0,691.0
801,flop,3.8,4.0,158.0
802,floss,5.7,8.0,25.0
803,flounce,2.6,5.0,2.0
804,flour,6.5,6.0,132.0
805,flow,3.8,5.0,3772.0
806,flu,4.2,11.0,114.0
807,flub,2.2,4.0,2.0
808,fluff,3.8,5.0,32.0
809,fluke,2.9,1.0,87.0
810,flume,2.8,10.0,13.0
811,flung,3.4,8.0,169.0
812,flunk,3.0,3.0,25.0
813,flush,3.8,5.0,228.0
814,flute,6.3,14.0,55.0
815,flux,2.2,5.0,40.0
816,fly,5.9,4.0,1306.0
817,foal,4.0,10.0,10.0
818,foam,5.7,10.0,161.0
819,foe,3.5,8.0,184.0
820,fog,6.0,6.0,107.0
821,fold,5.4,5.0,264.0
822,folk,4.4,4.0,307.0
823,fond,2.9,4.0,186.0
824,font,4.5,11.0,16.0
825,food,6.0,4.0,10915.0
826,fool,3.7,10.0,234.0
827,foot,6.7,15.0,1258.0
828,for,1.3,8.0,466133.0
829,force,3.3,5.0,12934.0
830,ford,5.2,9.0,7560.0
831,fore,1.9,8.0,54.0
832,forge,3.3,6.0,407.0
833,fork,6.6,9.0,69.0
834,form,2.5,8.0,5838.0
835,fort,6.0,5.0,1942.0
836,forth,3.2,11.0,602.0
837,fought,3.9,5.0,948.0
838,foul,3.6,8.0,239.0
839,found,2.7,4.0,10688.0
840,fowl,5.1,,8.0
841,fowl,5.1,,8.0
842,fox,6.4,24.0,1097.0
843,frail,3.4,7.0,83.0
844,frame,6.0,13.0,368.0
845,franc,2.6,6.0,728.0
846,frank,3.7,6.0,3046.0
847,fraud,2.9,6.0,4050.0
848,fray,3.1,4.0,241.0
849,frays,3.0,5.0,5.0
850,freak,4.3,6.0,45.0
851,free,3.0,5.0,10721.0
852,freeze,5.2,6.0,1079.0
853,freight,4.7,4.0,942.0
854,fresh,3.2,6.0,1749.0
855,fret,2.6,8.0,167.0
856,friend,5.6,8.0,2123.0
857,fright,3.3,6.0,33.0
858,frill,3.0,6.0,14.0
859,fringe,4.6,6.0,221.0
860,frisk,3.6,4.0,5.0
861,frizz,4.6,7.0,3.0
862,frock,3.0,27.0,9.0
863,frog,6.7,20.0,39.0
864,from,2.0,8.0,230894.0
865,front,4.4,6.0,4345.0
866,frost,5.8,8.0,270.0
867,froth,3.1,7.0,27.0
868,frown,5.8,8.0,22.0
869,froze,5.0,7.0,144.0
870,fruit,6.3,8.0,751.0
871,fry,5.4,5.0,247.0
872,fudge,6.5,7.0,50.0
873,fugue,1.8,4.0,9.0
874,full,3.4,6.0,11268.0
875,fume,3.7,7.0,15.0
876,fun,3.6,4.0,934.0
877,fund,3.4,4.0,16199.0
878,funk,2.6,4.0,51.0
879,fur,6.4,9.0,249.0
880,fuse,4.1,6.0,61.0
881,fuss,2.7,8.0,166.0
882,fuzz,5.5,8.0,8.0
883,gab,3.2,8.0,50.0
884,gag,4.1,9.0,59.0
885,gain,2.8,4.0,10335.0
886,gait,2.6,6.0,14.0
887,gale,2.8,7.0,86.0
888,gall,2.3,11.0,38.0
889,game,4.9,4.0,4074.0
890,gang,5.5,5.0,392.0
891,gap,4.9,4.0,2132.0
892,gape,2.8,5.0,4.0
893,garb,3.0,7.0,59.0
894,gas,5.7,3.0,12961.0
895,gash,4.2,6.0,12.0
896,gasp,4.1,6.0,41.0
897,gate,6.1,12.0,313.0
898,gauche,1.5,8.0,9.0
899,gauge,3.8,9.0,437.0
900,gaunt,2.6,6.0,15.0
901,gauze,5.2,5.0,12.0
902,gave,2.3,4.0,5247.0
903,gawk,3.3,5.0,8.0
904,gay,3.6,6.0,570.0
905,gaze,4.0,4.0,58.0
906,gear,4.8,13.0,905.0
907,geese,6.4,32.0,31.0
908,gem,6.3,6.0,129.0
909,gene,3.8,5.0,971.0
910,gent,3.1,13.0,13.0
911,germ,5.0,4.0,31.0
912,get,1.7,2.0,24986.0
913,ghost,6.6,8.0,173.0
914,ghoul,5.0,8.0,3.0
915,gift,6.1,5.0,734.0
916,gig,3.6,21.0,29.0
917,gill,5.0,9.0,89.0
918,gilt,2.2,6.0,199.0
919,gin,5.1,8.0,103.0
920,girl,6.3,12.0,765.0
921,girth,2.9,6.0,10.0
922,gist,2.1,6.0,25.0
923,give,2.8,3.0,12773.0
924,glad,3.0,6.0,323.0
925,glade,3.2,7.0,9.0
926,glance,4.2,6.0,152.0
927,gland,3.9,8.0,32.0
928,glare,3.7,6.0,82.0
929,glass,6.5,7.0,2297.0
930,glaze,4.3,6.0,34.0
931,gleam,3.4,8.0,25.0
932,glee,2.8,6.0,62.0
933,glen,2.3,7.0,167.0
934,glib,1.9,6.0,35.0
935,glide,3.7,5.0,38.0
936,glimpse,3.6,6.0,160.0
937,glint,2.4,5.0,13.0
938,gloat,2.8,10.0,14.0
939,glob,3.7,5.0,1.0
940,globe,6.4,15.0,581.0
941,gloom,3.2,8.0,168.0
942,gloss,5.2,7.0,58.0
943,glove,6.2,8.0,95.0
944,glow,4.7,4.0,116.0
945,glue,6.4,5.0,87.0
946,glut,2.4,5.0,428.0
947,gnash,2.3,7.0,5.0
948,gnat,6.3,26.0,6.0
949,gnaw,3.8,9.0,9.0
950,gnome,5.2,5.0,3.0
951,go,2.2,6.0,15656.0
952,goal,4.0,3.0,2913.0
953,goat,6.9,33.0,100.0
954,gob,3.0,13.0,1.0
955,god,5.7,4.0,862.0
956,gold,6.3,7.0,10318.0
957,golf,6.5,5.0,824.0
958,gong,4.0,9.0,30.0
959,goo,4.0,5.0,24.0
960,good,2.6,5.0,18471.0
961,goof,3.0,5.0,23.0
962,goose,6.9,31.0,79.0
963,gore,3.9,10.0,930.0
964,gorge,4.7,8.0,22.0
965,got,1.8,3.0,10012.0
966,gouge,3.0,8.0,18.0
967,gourd,4.5,12.0,11.0
968,gown,6.0,26.0,42.0
969,grab,4.6,6.0,368.0
970,grace,3.3,2.0,1113.0
971,grade,4.9,4.0,1274.0
972,graft,2.1,7.0,65.0
973,grail,3.1,9.0,26.0
974,grain,5.8,6.0,2041.0
975,grand,2.7,5.0,4244.0
976,grant,3.1,5.0,1996.0
977,grape,6.7,9.0,127.0
978,graph,6.2,10.0,46.0
979,grasp,4.1,4.0,243.0
980,grass,6.9,14.0,482.0
981,grate,4.0,12.0,15.0
982,grave,6.5,8.0,344.0
983,gray,5.9,7.0,1642.0
984,graze,4.5,5.0,26.0
985,grease,5.7,8.0,98.0
986,great,2.5,5.0,8781.0
987,greed,3.4,6.0,316.0
988,green,6.2,5.0,2189.0
989,greet,3.5,5.0,89.0
990,grew,3.2,5.0,3802.0
991,grid,4.6,5.0,87.0
992,grief,3.5,3.0,83.0
993,grieve,3.4,8.0,13.0
994,grill,5.9,30.0,72.0
995,grim,3.0,7.0,289.0
996,grime,3.8,5.0,13.0
997,grin,5.6,7.0,94.0
998,grind,4.0,5.0,113.0
999,grip,4.5,4.0,457.0
1000,gripe,3.0,4.0,61.0
1001,grit,4.0,7.0,32.0
1002,grits,5.4,8.0,12.0
1003,groan,3.6,5.0,24.0
1004,groin,5.1,6.0,11.0
1005,groom,5.7,10.0,46.0
1006,groove,4.1,8.0,20.0
1007,grope,3.3,3.0,14.0
1008,gross,3.8,9.0,2564.0
1009,grouch,3.5,11.0,2.0
1010,ground,5.9,6.0,3526.0
1011,group,5.2,2.0,49355.0
1012,grouse,3.0,6.0,44.0
1013,grove,4.2,4.0,265.0
1014,grow,3.9,4.0,3372.0
1015,growl,4.0,5.0,13.0
1016,grub,4.1,7.0,7.0
1017,grudge,2.9,5.0,29.0
1018,gruff,2.4,8.0,44.0
1019,grunt,3.4,5.0,12.0
1020,guard,5.8,10.0,1421.0
1021,guess,2.6,4.0,939.0
1022,guest,4.8,9.0,432.0
1023,guide,4.0,4.0,1294.0
1024,guild,3.0,7.0,410.0
1025,guile,1.8,6.0,11.0
1026,guilt,3.3,3.0,415.0
1027,guise,2.7,4.0,82.0
1028,gulf,5.1,4.0,5024.0
1029,gull,3.3,10.0,106.0
1030,gulp,4.4,8.0,11.0
1031,gum,6.4,9.0,194.0
1032,gun,6.6,19.0,983.0
1033,gush,3.1,7.0,15.0
1034,gust,3.3,7.0,9.0
1035,gut,5.6,8.0,213.0
1036,guy,6.5,13.0,1638.0
1037,gym,6.5,5.0,149.0
1038,gyp,1.8,8.0,0.0
1039,hack,3.1,8.0,89.0
1040,hag,4.0,13.0,4.0
1041,hail,4.3,6.0,87.0
1042,hair,6.3,9.0,1166.0
1043,hall,5.9,10.0,2304.0
1044,halt,3.5,4.0,1412.0
1045,halve,3.6,7.0,73.0
1046,ham,6.7,8.0,113.0
1047,hand,6.4,15.0,5364.0
1048,hang,4.4,8.0,678.0
1049,hank,2.8,10.0,72.0
1050,hard,3.3,6.0,8438.0
1051,hare,5.0,21.0,34.0
1052,hark,2.2,4.0,12.0
1053,harm,3.3,5.0,707.0
1054,harp,5.5,14.0,100.0
1055,harsh,2.9,7.0,483.0
1056,hart,2.1,37.0,1394.0
1057,hash,3.9,11.0,47.0
1058,haste,2.9,5.0,84.0
1059,hat,6.7,11.0,377.0
1060,hatch,4.1,5.0,296.0
1061,hate,3.0,5.0,425.0
1062,haul,3.6,5.0,367.0
1063,haunt,4.0,4.0,122.0
1064,have,1.9,3.0,165137.0
1065,hawk,6.8,30.0,220.0
1066,hay,6.7,6.0,334.0
1067,haze,4.3,5.0,44.0
1068,he,3.5,9.0,214152.0
1069,head,6.8,8.0,8865.0
1070,heal,3.3,6.0,86.0
1071,health,3.9,4.0,12578.0
1072,heap,3.8,3.0,107.0
1073,hear,3.3,4.0,2111.0
1074,heard,3.1,5.0,2379.0
1075,hearse,4.6,57.0,8.0
1076,heart,6.7,7.0,3786.0
1077,hearth,4.7,6.0,24.0
1078,heat,3.9,5.0,1208.0
1079,heath,2.6,15.0,76.0
1080,heave,2.8,5.0,10.0
1081,hedge,5.8,11.0,723.0
1082,heed,2.3,4.0,152.0
1083,heel,5.8,12.0,71.0
1084,heft,2.0,4.0,18.0
1085,height,4.0,7.0,294.0
1086,heir,3.6,8.0,285.0
1087,held,3.8,6.0,15057.0
1088,hell,5.3,3.0,647.0
1089,helm,2.9,7.0,215.0
1090,help,2.8,4.0,15132.0
1091,hem,4.6,6.0,48.0
1092,hemp,5.7,8.0,9.0
1093,hen,6.4,36.0,28.0
1094,hence,2.1,9.0,447.0
1095,her,3.5,9.0,19346.0
1096,herb,5.3,13.0,115.0
1097,herd,5.6,2.0,218.0
1098,here,1.8,11.0,18471.0
1099,hex,2.1,7.0,5.0
1100,hick,4.6,11.0,3.0
1101,hid,3.0,4.0,74.0
1102,hide,3.7,3.0,488.0
1103,hike,5.6,7.0,168.0
1104,hill,6.3,8.0,3374.0
1105,hilt,2.6,7.0,24.0
1106,him,4.2,8.0,21969.0
1107,hind,2.8,7.0,25.0
1108,hinge,5.0,8.0,95.0
1109,hint,2.9,6.0,336.0
1110,hip,5.8,5.0,158.0
1111,hire,3.3,4.0,1234.0
1112,hiss,3.9,5.0,62.0
1113,hit,4.4,,2663.0
1114,hit,4.4,,2663.0
1115,hitch,3.7,6.0,106.0
1116,hive,5.6,5.0,18.0
1117,hives,5.7,6.0,8.0
1118,hoard,3.0,4.0,102.0
1119,hoarse,3.1,7.0,11.0
1120,hoax,2.7,8.0,54.0
1121,hock,2.5,5.0,52.0
1122,hoe,5.9,7.0,27.0
1123,hoes,4.5,8.0,6.0
1124,hog,6.6,11.0,561.0
1125,hoist,3.2,5.0,59.0
1126,hold,4.0,5.0,7425.0
1127,hole,5.8,7.0,621.0
1128,home,5.7,6.0,18432.0
1129,hone,2.0,5.0,35.0
1130,honk,4.6,7.0,13.0
1131,hood,6.2,13.0,132.0
1132,hoof,5.3,11.0,23.0
1133,hook,5.7,6.0,314.0
1134,hoop,5.6,8.0,31.0
1135,hoot,3.5,10.0,18.0
1136,hooves,5.7,12.0,6.0
1137,hop,5.0,6.0,99.0
1138,hope,3.0,6.0,4917.0
1139,horde,2.7,5.0,37.0
1140,horn,6.1,8.0,346.0
1141,hose,6.1,10.0,103.0
1142,host,4.0,10.0,1119.0
1143,hot,4.4,5.0,2525.0
1144,hound,6.5,26.0,29.0
1145,hour,3.5,4.0,3838.0
1146,how,1.7,7.0,22681.0
1147,howl,4.8,8.0,22.0
1148,hub,3.5,3.0,422.0
1149,hue,2.9,5.0,41.0
1150,huff,3.2,8.0,41.0
1151,hug,5.9,6.0,80.0
1152,huge,4.2,8.0,5907.0
1153,hulk,4.0,10.0,37.0
1154,hull,3.5,7.0,197.0
1155,hum,3.8,7.0,71.0
1156,hump,5.1,4.0,27.0
1157,hunch,2.6,6.0,53.0
1158,hung,4.1,9.0,388.0
1159,hunk,4.8,13.0,40.0
1160,hunt,4.6,6.0,1220.0
1161,hurl,4.4,8.0,17.0
1162,hurt,3.6,,2487.5
1163,hurt,3.6,,2487.5
1164,hush,2.9,5.0,69.0
1165,husk,3.7,6.0,9.0
1166,hut,6.1,9.0,152.0
1167,hutch,4.0,6.0,3.0
1168,hymn,4.5,7.0,26.0
1169,ice,6.3,6.0,1096.0
1170,ides,1.8,5.0,5.0
1171,if,1.4,6.0,66361.0
1172,ill,4.0,8.0,3644.0
1173,imp,2.2,6.0,13.0
1174,in,1.7,9.0,916767.0
1175,inch,4.9,5.0,490.0
1176,ink,6.4,5.0,464.0
1177,inn,5.8,32.0,385.0
1178,ire,1.4,5.0,132.0
1179,irk,2.0,6.0,11.0
1180,isle,4.9,6.0,56.0
1181,it,1.6,8.0,294201.0
1182,itch,4.9,6.0,27.0
1183,jab,4.1,8.0,32.0
1184,jack,4.0,9.0,2482.0
1185,jade,4.8,7.0,20.0
1186,jag,3.1,4.0,3.0
1187,jail,6.6,9.0,1005.0
1188,jam,5.9,5.0,139.0
1189,jar,6.8,12.0,86.0
1190,jaunt,2.1,8.0,9.0
1191,jaw,6.5,11.0,62.0
1192,jay,3.9,31.0,642.0
1193,jazz,4.4,7.0,616.0
1194,jeans,6.6,10.0,396.0
1195,jeer,2.4,8.0,6.0
1196,jerk,4.7,7.0,148.0
1197,jest,2.4,5.0,34.0
1198,jet,6.3,28.0,1919.0
1199,jibe,1.9,9.0,25.0
1200,jig,3.5,7.0,8.0
1201,jinx,2.6,8.0,6.0
1202,job,4.3,4.0,10060.0
1203,jog,5.4,5.0,37.0
1204,join,3.0,6.0,2402.0
1205,joint,5.2,7.0,7051.0
1206,joke,3.6,9.0,491.0
1207,jolt,3.7,5.0,151.0
1208,jot,3.0,5.0,14.0
1209,joust,4.3,3.0,6.0
1210,jowl,2.3,17.0,12.0
1211,joy,3.7,4.0,472.0
1212,judge,6.0,12.0,12372.0
1213,jug,5.9,12.0,35.0
1214,juice,6.3,7.0,716.0
1215,jump,4.8,6.0,1984.0
1216,junk,5.4,7.0,3390.0
1217,just,1.8,5.0,27489.0
1218,keel,2.3,6.0,42.0
1219,keen,2.3,6.0,289.0
1220,keep,2.8,2.0,10200.0
1221,keg,6.2,6.0,21.0
1222,kelp,2.7,7.0,12.0
1223,kept,2.1,3.0,3234.0
1224,key,6.4,7.0,4702.0
1225,kick,5.1,6.0,395.0
1226,kid,6.1,12.0,455.0
1227,kill,4.8,5.0,1220.0
1228,kiln,3.6,11.0,19.0
1229,kilt,5.0,24.0,6.0
1230,kind,2.7,8.0,5861.0
1231,king,6.4,9.0,2862.0
1232,kink,4.0,6.0,2.0
1233,kiss,6.1,4.0,163.0
1234,kit,4.6,6.0,235.0
1235,kite,6.5,5.0,14.0
1236,knack,2.7,7.0,113.0
1237,knave,2.2,11.0,3.0
1238,knead,4.2,5.0,1.0
1239,knee,6.4,9.0,224.0
1240,kneel,4.7,5.0,14.0
1241,knell,2.6,4.0,40.0
1242,knelt,4.4,6.0,6.0
1243,knew,2.2,4.0,2545.0
1244,knife,6.8,15.0,143.0
1245,knight,6.4,10.0,878.0
1246,knit,5.4,,62.5
1247,knit,5.4,,62.5
1248,knob,5.9,9.0,10.0
1249,knock,4.9,6.0,324.0
1250,knoll,3.7,9.0,112.0
1251,knot,5.9,5.0,56.0
1252,know,2.4,3.0,11195.0
1253,kraut,4.2,9.0,1.0
1254,lab,5.2,6.0,793.0
1255,lace,6.2,7.0,54.0
1256,lack,2.5,4.0,3749.0
1257,lad,5.1,10.0,26.0
1258,lag,2.9,3.0,332.0
1259,laid,3.8,7.0,1290.0
1260,lair,4.7,10.0,17.0
1261,lake,6.6,6.0,1417.0
1262,lamb,6.6,11.0,198.0
1263,lame,3.3,7.0,123.0
1264,lamp,6.6,6.0,67.0
1265,lance,4.0,10.0,629.0
1266,land,6.0,4.0,5585.0
1267,lane,5.0,5.0,595.0
1268,lap,5.6,21.0,221.0
1269,lapse,2.5,4.0,103.0
1270,lard,4.8,7.0,20.0
1271,large,4.1,7.0,15747.0
1272,lark,4.3,31.0,22.0
1273,lash,3.6,6.0,24.0
1274,lass,3.6,14.0,4.0
1275,last,3.0,9.0,79363.0
1276,latch,5.3,8.0,22.0
1277,late,3.7,7.0,17018.0
1278,lathe,2.7,7.0,20.0
1279,laud,1.5,6.0,25.0
1280,laugh,4.9,5.0,286.0
1281,launch,3.9,4.0,2778.0
1282,law,3.6,2.0,24078.0
1283,lawn,6.3,7.0,515.0
1284,lax,1.9,8.0,148.0
1285,lay,3.8,6.0,1005.0
1286,laze,1.9,4.0,4.0
1287,leach,5.0,3.0,96.0
1288,lead,4.7,4.0,7263.0
1289,leaf,6.8,8.0,248.0
1290,leak,4.9,8.0,433.0
1291,lean,4.0,7.0,447.0
1292,leap,4.9,6.0,370.0
1293,learn,2.9,3.0,1744.0
1294,lease,3.3,2.0,1585.0
1295,leash,5.9,6.0,47.0
1296,leave,3.9,5.0,5044.0
1297,led,2.9,5.0,10721.0
1298,ledge,5.1,8.0,22.0
1299,leech,6.2,12.0,52.0
1300,leek,2.9,14.0,3.0
1301,leer,2.6,4.0,4.0
1302,left,4.0,,4852.5
1303,left,4.0,,4852.5
1304,leg,6.8,11.0,472.0
1305,lend,3.2,3.0,1167.0
1306,length,3.7,7.0,765.0
1307,lens,5.9,6.0,219.0
1308,lent,3.0,4.0,460.0
1309,less,2.7,9.0,20657.0
1310,lest,2.1,8.0,165.0
1311,let,1.9,,2405.0
1312,let,1.9,,2405.0
1313,lewd,2.4,6.0,19.0
1314,lice,6.0,25.0,12.0
1315,lick,5.3,5.0,37.0
1316,lid,6.5,8.0,210.0
1317,lie,3.2,5.0,758.0
1318,life,3.9,3.0,13046.0
1319,lift,4.0,5.0,964.0
1320,light,5.3,8.0,5933.0
1321,lilt,2.0,3.0,8.0
1322,limb,5.9,8.0,79.0
1323,lime,5.8,5.0,72.0
1324,limp,5.0,8.0,65.0
1325,line,5.5,5.0,12748.0
1326,link,4.0,4.0,1428.0
1327,lint,5.2,6.0,9.0
1328,lip,6.8,7.0,168.0
1329,lisp,3.1,4.0,37.0
1330,list,4.9,7.0,4716.0
1331,live,3.5,3.0,3309.0
1332,load,4.3,5.0,2152.0
1333,loaf,5.7,9.0,38.0
1334,loan,4.1,3.0,13467.0
1335,loath,2.0,7.0,115.0
1336,loathe,2.6,6.0,23.0
1337,lob,2.2,7.0,11.0
1338,lobe,4.4,5.0,7.0
1339,lock,5.6,6.0,659.0
1340,lode,1.9,4.0,15.0
1341,lodge,5.1,5.0,149.0
1342,loft,4.4,8.0,54.0
1343,log,6.3,8.0,152.0
1344,loin,4.5,9.0,3.0
1345,lone,2.9,6.0,432.0
1346,long,3.6,8.0,29275.0
1347,look,3.9,4.0,8305.0
1348,loom,3.3,5.0,173.0
1349,loon,3.7,10.0,6.0
1350,loop,4.9,7.0,81.0
1351,loose,3.2,8.0,585.0
1352,loot,4.2,5.0,52.0
1353,lord,5.1,5.0,1717.0
1354,lore,2.2,4.0,72.0
1355,lose,3.0,4.0,3089.0
1356,loss,2.6,4.0,19611.0
1357,lost,3.1,5.0,8236.0
1358,lot,3.3,6.0,10112.0
1359,loud,3.5,5.0,307.0
1360,lounge,5.3,11.0,103.0
1361,louse,3.4,24.0,4.0
1362,love,4.0,4.0,2187.0
1363,low,2.8,8.0,12874.0
1364,luck,2.4,3.0,571.0
1365,lug,2.8,6.0,25.0
1366,lull,2.3,3.0,139.0
1367,lump,5.0,5.0,339.0
1368,lunch,5.3,12.0,862.0
1369,lung,5.5,8.0,515.0
1370,lunge,3.6,5.0,6.0
1371,lurch,3.3,5.0,54.0
1372,lure,3.6,11.0,623.0
1373,lurk,3.0,3.0,17.0
1374,lush,3.2,5.0,81.0
1375,lust,3.8,4.0,85.0
1376,lute,2.8,5.0,4.0
1377,lye,2.8,6.0,7.0
1378,lymph,2.5,6.0,28.0
1379,lynch,3.4,8.0,5395.0
1380,lynx,4.0,25.0,36.0
1381,lyre,2.2,15.0,6.0
1382,ma,3.8,15.0,147.0
1383,mace,5.0,10.0,4.0
1384,mad,3.8,8.0,346.0
1385,made,2.1,6.0,31064.0
1386,maid,6.1,9.0,160.0
1387,mail,6.3,6.0,2849.0
1388,maim,2.4,9.0,9.0
1389,maize,3.7,20.0,44.0
1390,make,2.8,5.0,31918.0
1391,male,5.5,8.0,1008.0
1392,mall,6.5,8.0,698.0
1393,malt,4.5,8.0,49.0
1394,man,6.2,12.0,8417.0
1395,mane,5.0,10.0,8.0
1396,map,5.9,6.0,371.0
1397,march,5.1,5.0,14924.0
1398,mare,5.3,36.0,24.0
1399,mark,4.6,6.0,5501.0
1400,marsh,4.9,5.0,204.0
1401,mart,3.4,11.0,1039.0
1402,mash,4.1,7.0,32.0
1403,mask,6.3,4.0,218.0
1404,mass,3.7,5.0,5249.0
1405,mast,3.7,9.0,31.0
1406,mat,6.3,6.0,72.0
1407,match,5.1,4.0,1894.0
1408,mate,4.8,11.0,327.0
1409,math,4.2,9.0,188.0
1410,mauve,4.1,6.0,13.0
1411,may,3.2,3.0,52276.0
1412,maze,5.9,8.0,142.0
1413,me,3.5,8.0,8514.0
1414,mead,2.6,8.0,412.0
1415,meal,6.0,12.0,546.0
1416,mean,2.8,6.0,3768.0
1417,meant,1.9,7.0,1773.0
1418,meat,6.3,7.0,1041.0
1419,meek,2.8,7.0,35.0
1420,meet,2.7,3.0,6928.0
1421,melt,4.1,5.0,67.0
1422,men,5.4,13.0,6404.0
1423,mend,3.7,7.0,84.0
1424,mere,1.6,6.0,742.0
1425,merge,3.5,6.0,1320.0
1426,mesh,4.2,5.0,102.0
1427,mess,4.2,3.0,546.0
1428,mew,2.4,9.0,2.0
1429,mice,6.8,23.0,255.0
1430,mid,2.5,5.0,5041.0
1431,midst,2.2,4.0,600.0
1432,mike,4.7,7.0,718.0
1433,mild,3.0,4.0,578.0
1434,mile,4.7,5.0,1983.0
1435,milk,6.5,6.0,820.0
1436,mill,5.3,10.0,1280.0
1437,mime,5.1,4.0,29.0
1438,mince,3.1,4.0,16.0
1439,mind,3.4,2.0,2843.0
1440,mine,3.5,5.0,2283.0
1441,mink,5.9,9.0,55.0
1442,mint,5.4,6.0,255.0
1443,mirth,1.8,6.0,8.0
1444,miss,2.6,4.0,1901.0
1445,mist,5.0,7.0,66.0
1446,mite,3.5,5.0,11.0
1447,mitt,4.7,16.0,7.0
1448,mix,3.4,5.0,1006.0
1449,moan,3.9,5.0,9.0
1450,moat,4.4,7.0,11.0
1451,mob,5.0,5.0,197.0
1452,mock,3.0,5.0,151.0
1453,mode,2.9,5.0,235.0
1454,moist,4.1,6.0,21.0
1455,mold,5.5,4.0,200.0
1456,mole,6.0,7.0,29.0
1457,moll,2.1,11.0,10.0
1458,monk,5.9,10.0,82.0
1459,month,4.4,6.0,29477.0
1460,mooch,3.0,5.0,1.0
1461,mood,3.2,3.0,904.0
1462,moon,6.8,4.0,306.0
1463,moor,3.0,6.0,11.0
1464,moose,6.7,,19.0
1465,moose,6.7,,19.0
1466,moot,1.4,6.0,90.0
1467,mop,6.4,4.0,36.0
1468,mope,3.3,7.0,3.0
1469,morn,3.7,4.0,0.0
1470,mosque,3.2,30.0,52.0
1471,moss,6.4,5.0,215.0
1472,most,2.3,9.0,48741.0
1473,moth,6.0,24.0,13.0
1474,mound,5.4,8.0,59.0
1475,mount,4.8,5.0,778.0
1476,move,3.2,4.0,15270.0
1477,mow,4.6,6.0,15.0
1478,much,2.2,9.0,39588.0
1479,muck,2.9,3.0,47.0
1480,mud,6.5,8.0,291.0
1481,muff,3.6,7.0,2.0
1482,mug,6.2,5.0,37.0
1483,mulch,5.6,6.0,14.0
1484,mule,6.3,27.0,67.0
1485,mull,1.7,4.0,41.0
1486,mum,3.8,12.0,58.0
1487,mumps,4.6,10.0,24.0
1488,munch,4.0,5.0,19.0
1489,murk,2.5,8.0,3.0
1490,muse,2.8,6.0,63.0
1491,mush,4.0,6.0,24.0
1492,musk,3.7,6.0,14.0
1493,muss,1.9,7.0,4.0
1494,must,1.9,4.0,14295.0
1495,mute,3.0,6.0,63.0
1496,mutt,5.3,27.0,19.0
1497,my,1.7,8.0,13110.0
1498,myth,3.5,9.0,254.0
1499,nab,2.1,5.0,29.0
1500,nag,3.1,3.0,11.0
1501,nail,6.6,8.0,155.0
1502,name,4.2,5.0,8468.0
1503,nap,4.7,4.0,43.0
1504,nape,2.9,11.0,0.0
1505,nay,2.3,11.0,34.0
1506,near,3.3,10.0,7019.0
1507,neat,3.5,5.0,167.0
1508,neck,6.5,7.0,481.0
1509,need,2.4,4.0,10533.0
1510,neigh,2.9,5.0,2.0
1511,nerve,4.4,7.0,284.0
1512,nest,6.2,4.0,149.0
1513,net,5.9,7.0,22463.0
1514,new,3.0,5.0,144985.0
1515,newt,3.3,21.0,64.0
1516,next,2.2,9.0,27020.0
1517,nice,3.0,5.0,1160.0
1518,niche,2.9,3.0,483.0
1519,nick,4.2,7.0,157.0
1520,niece,5.4,10.0,49.0
1521,nigh,1.8,10.0,17.0
1522,night,5.8,4.0,5709.0
1523,nil,1.9,5.0,69.0
1524,nip,3.5,5.0,26.0
1525,nix,1.7,5.0,12.0
1526,no,2.1,11.0,46249.0
1527,nod,4.1,6.0,114.0
1528,node,2.4,4.0,5.0
1529,noise,3.9,5.0,329.0
1530,none,2.6,11.0,2701.0
1531,nook,3.6,6.0,16.0
1532,noon,4.0,8.0,326.0
1533,noose,5.9,8.0,33.0
1534,nor,1.5,8.0,4148.0
1535,norm,2.5,9.0,195.0
1536,north,4.5,8.0,10370.0
1537,nose,6.4,16.0,502.0
1538,not,2.0,8.0,67693.0
1539,notch,4.1,6.0,157.0
1540,note,5.5,4.0,4068.0
1541,noun,2.7,8.0,4.0
1542,now,1.9,9.0,43622.0
1543,nub,2.7,8.0,15.0
1544,nude,5.8,7.0,138.0
1545,nudge,4.1,7.0,107.0
1546,numb,2.8,6.0,34.0
1547,nun,5.9,10.0,38.0
1548,nurse,6.4,11.0,243.0
1549,nut,6.2,10.0,137.0
1550,nymph,4.0,5.0,4.0
1551,oaf,2.5,10.0,4.0
1552,oak,6.0,7.0,429.0
1553,oar,5.9,7.0,5.0
1554,oat,5.6,16.0,81.0
1555,oath,3.0,8.0,146.0
1556,odd,2.7,5.0,573.0
1557,ode,2.2,10.0,16.0
1558,of,1.5,7.0,1252340.0
1559,off,2.6,8.0,29901.0
1560,oft,1.5,7.0,97.0
1561,oil,6.4,8.0,29148.0
1562,old,4.3,6.0,15780.0
1563,on,1.9,8.0,282490.0
1564,once,2.0,12.0,10429.0
1565,ooze,4.6,6.0,12.0
1566,or,1.4,7.0,130913.0
1567,orb,2.8,6.0,11.0
1568,ore,4.0,6.0,1146.0
1569,ouch,3.2,7.0,7.0
1570,ought,1.5,5.0,1236.0
1571,ounce,4.0,6.0,2647.0
1572,our,1.8,7.0,24885.0
1573,oust,1.7,4.0,388.0
1574,out,2.2,9.0,57860.0
1575,owe,2.1,6.0,378.0
1576,owl,6.5,30.0,43.0
1577,own,2.2,3.0,23323.0
1578,ox,6.3,35.0,19.0
1579,pa,4.2,15.0,2298.0
1580,pace,3.3,5.0,3295.0
1581,pack,4.6,7.0,568.0
1582,pact,2.4,7.0,3843.0
1583,pad,4.7,6.0,171.0
1584,page,5.9,7.0,3246.0
1585,pail,5.3,9.0,19.0
1586,pain,4.3,6.0,932.0
1587,paint,6.3,3.0,670.0
1588,pair,4.3,4.0,650.0
1589,pal,4.6,9.0,71.0
1590,pale,4.2,5.0,182.0
1591,pall,1.9,8.0,157.0
1592,palm,6.7,6.0,598.0
1593,pan,6.3,8.0,2920.0
1594,pane,4.2,5.0,5.0
1595,pang,2.5,5.0,14.0
1596,pant,4.3,10.0,9.0
1597,pants,6.8,,79.0
1598,pants,6.8,,79.0
1599,pants,6.8,,79.0
1600,pap,2.8,6.0,236.0
1601,par,2.3,6.0,2091.0
1602,pare,2.1,5.0,234.0
1603,park,6.5,7.0,3292.0
1604,part,3.3,3.0,24504.0
1605,pass,4.1,5.0,2258.0
1606,past,2.7,3.0,19361.0
1607,paste,5.4,5.0,57.0
1608,pat,4.4,5.0,711.0
1609,patch,5.4,8.0,465.0
1610,path,5.5,4.0,866.0
1611,paunch,1.7,7.0,4.0
1612,pause,2.7,5.0,253.0
1613,pave,4.5,5.0,171.0
1614,paw,6.4,10.0,20.0
1615,pawn,5.0,7.0,86.0
1616,pay,4.3,5.0,21327.0
1617,pea,6.8,8.0,15.0
1618,peace,3.6,3.0,3552.0
1619,peach,6.9,21.0,258.0
1620,peak,4.8,4.0,1769.0
1621,peal,4.7,4.0,2.0
1622,pear,6.0,9.0,39.0
1623,pearl,6.4,8.0,198.0
1624,peat,2.2,5.0,697.0
1625,peck,4.2,6.0,225.0
1626,peek,4.0,3.0,75.0
1627,peel,5.4,6.0,38.0
1628,peep,4.2,5.0,26.0
1629,peer,3.9,4.0,258.0
1630,peeve,2.0,5.0,5.0
1631,peg,5.1,13.0,96.0
1632,pelt,3.5,9.0,7.0
1633,pen,6.6,8.0,308.0
1634,perch,4.7,4.0,54.0
1635,perk,2.8,8.0,77.0
1636,pert,2.0,6.0,26.0
1637,pest,5.0,10.0,71.0
1638,pet,6.4,8.0,505.0
1639,pew,4.2,11.0,14.0
1640,phase,3.1,5.0,1431.0
1641,phone,6.6,7.0,4578.0
1642,phrase,3.0,10.0,430.0
1643,pick,3.8,5.0,1905.0
1644,pie,6.7,8.0,326.0
1645,piece,3.8,5.0,1850.0
1646,pier,6.2,9.0,220.0
1647,pierce,5.0,7.0,554.0
1648,pig,6.8,28.0,200.0
1649,pike,4.2,14.0,91.0
1650,pile,4.8,6.0,299.0
1651,pill,6.8,4.0,1330.0
1652,pimp,5.6,12.0,18.0
1653,pin,6.0,9.0,219.0
1654,pinch,4.7,5.0,160.0
1655,pine,6.4,19.0,207.0
1656,ping,3.1,6.0,48.0
1657,pink,5.4,6.0,414.0
1658,pint,5.2,8.0,49.0
1659,pipe,6.3,10.0,638.0
1660,pit,5.2,6.0,759.0
1661,pitch,4.9,6.0,644.0
1662,pith,1.9,6.0,10.0
1663,place,3.7,6.0,9034.0
1664,plague,4.4,6.0,167.0
1665,plaid,5.7,8.0,39.0
1666,plain,3.5,7.0,593.0
1667,plan,2.8,5.0,27353.0
1668,plane,6.8,29.0,2252.0
1669,plank,4.9,7.0,66.0
1670,plant,6.3,10.0,13641.0
1671,plaque,5.1,8.0,104.0
1672,plate,6.4,7.0,428.0
1673,play,4.5,5.0,5077.0
1674,plea,2.9,3.0,813.0
1675,plead,3.7,10.0,471.0
1676,please,2.4,4.0,539.0
1677,pleat,2.9,6.0,0.0
1678,pled,2.8,11.0,11.0
1679,pledge,3.7,6.0,848.0
1680,plight,2.0,3.0,321.0
1681,plod,1.8,6.0,9.0
1682,plop,3.0,6.0,14.0
1683,plot,3.2,9.0,549.0
1684,plow,5.6,5.0,90.0
1685,ploy,2.1,7.0,250.0
1686,pluck,4.1,6.0,36.0
1687,plug,4.9,11.0,322.0
1688,plum,6.4,23.0,155.0
1689,plume,3.4,6.0,24.0
1690,plump,4.3,6.0,57.0
1691,plunge,3.7,7.0,1841.0
1692,plunk,2.2,8.0,24.0
1693,plus,3.0,7.0,5219.0
1694,plush,3.2,8.0,82.0
1695,ply,2.0,5.0,104.0
1696,poach,3.9,7.0,6.0
1697,pod,4.0,8.0,13.0
1698,point,5.2,8.0,14445.0
1699,poise,3.2,5.0,12.0
1700,poke,4.5,8.0,72.0
1701,pole,5.8,7.0,219.0
1702,poll,3.7,3.0,1615.0
1703,pomp,1.7,6.0,17.0
1704,pond,6.5,6.0,116.0
1705,pooch,5.1,5.0,10.0
1706,poof,3.3,11.0,18.0
1707,pool,6.7,5.0,1326.0
1708,poop,6.3,9.0,9.0
1709,poor,4.0,5.0,4247.0
1710,pop,6.1,8.0,710.0
1711,pope,6.4,10.0,558.0
1712,porch,6.8,9.0,65.0
1713,pork,6.4,7.0,957.0
1714,port,4.3,5.0,1049.0
1715,pose,3.6,3.0,722.0
1716,posh,1.8,7.0,110.0
1717,post,5.4,5.0,9744.0
1718,pot,6.2,7.0,287.0
1719,pouch,5.7,7.0,22.0
1720,pounce,4.4,7.0,28.0
1721,pound,4.1,6.0,3501.0
1722,pour,4.9,4.0,217.0
1723,pout,4.4,9.0,4.0
1724,pox,2.7,12.0,16.0
1725,praise,4.1,5.0,537.0
1726,prance,3.7,5.0,4.0
1727,prank,3.9,4.0,24.0
1728,pray,5.0,5.0,102.0
1729,prayer,5.2,3.0,251.0
1730,preach,4.6,7.0,60.0
1731,press,4.8,4.0,6238.0
1732,prey,4.3,9.0,173.0
1733,price,3.6,7.0,39893.0
1734,prick,3.9,7.0,8.0
1735,pride,2.8,3.0,710.0
1736,priest,6.3,10.0,317.0
1737,prim,2.1,5.0,19.0
1738,prime,3.1,5.0,7209.0
1739,primp,3.8,5.0,2.0
1740,prince,6.4,9.0,593.0
1741,print,5.3,4.0,1022.0
1742,prize,5.5,5.0,882.0
1743,pro,3.1,10.0,2092.0
1744,probe,4.0,3.0,1040.0
1745,prod,3.3,6.0,134.0
1746,prom,5.8,7.0,23.0
1747,prompt,2.5,5.0,811.0
1748,prone,2.2,6.0,291.0
1749,prong,4.4,10.0,5.0
1750,proof,3.1,5.0,795.0
1751,prop,4.2,10.0,476.0
1752,prose,2.1,7.0,157.0
1753,proud,2.9,6.0,565.0
1754,prove,2.4,4.0,2458.0
1755,prow,2.6,8.0,1.0
1756,prowl,4.5,7.0,59.0
1757,prude,2.7,10.0,6.0
1758,prune,5.7,9.0,42.0
1759,pry,3.5,4.0,40.0
1760,psalm,4.3,9.0,13.0
1761,pub,5.6,29.0,93.0
1762,puck,4.8,5.0,29.0
1763,puff,4.3,6.0,65.0
1764,pug,4.1,26.0,4.0
1765,puke,5.7,10.0,1.0
1766,pull,4.1,5.0,1259.0
1767,pulp,4.6,6.0,876.0
1768,pulse,4.7,4.0,95.0
1769,pump,4.8,8.0,485.0
1770,pun,2.6,7.0,20.0
1771,punch,5.0,7.0,271.0
1772,punk,4.3,12.0,63.0
1773,punt,3.9,7.0,92.0
1774,pup,6.0,11.0,2.0
1775,pure,3.7,5.0,600.0
1776,purge,3.6,6.0,109.0
1777,purr,4.6,6.0,3.0
1778,purse,6.5,7.0,163.0
1779,push,4.1,5.0,3251.0
1780,put,2.2,,6819.0
1781,put,2.2,,6819.0
1782,putt,4.0,7.0,44.0
1783,pyre,2.4,4.0,3.0
1784,quack,4.3,15.0,27.0
1785,quad,3.2,10.0,53.0
1786,quail,5.7,16.0,33.0
1787,quaint,2.4,5.0,78.0
1788,quake,4.9,4.0,188.0
1789,qualm,1.8,5.0,3.0
1790,quart,5.0,8.0,14.0
1791,quartz,5.0,5.0,25.0
1792,quay,1.9,13.0,0.0
1793,queen,6.6,23.0,440.0
1794,queer,4.0,5.0,1.0
1795,quell,2.0,8.0,242.0
1796,quench,3.3,8.0,4.0
1797,quest,4.0,6.0,397.0
1798,queue,1.5,6.0,29.0
1799,quick,2.9,9.0,1993.0
1800,quill,4.9,9.0,19.0
1801,quilt,6.7,5.0,59.0
1802,quip,1.8,8.0,27.0
1803,quirk,2.6,5.0,43.0
1804,quit,2.9,,598.5
1805,quit,2.9,,598.5
1806,quite,2.5,9.0,3513.0
1807,quiz,4.8,2.0,65.0
1808,quote,3.9,7.0,379.0
1809,race,5.1,3.0,2855.0
1810,rack,5.3,11.0,94.0
1811,raft,6.0,4.0,115.0
1812,rag,6.3,8.0,39.0
1813,rage,3.6,5.0,228.0
1814,raid,3.4,7.0,446.0
1815,rail,5.6,9.0,1331.0
1816,rain,6.3,8.0,1038.0
1817,raise,4.0,5.0,8333.0
1818,rake,6.2,8.0,56.0
1819,ram,5.3,7.0,153.0
1820,ramp,5.5,8.0,72.0
1821,ran,4.3,7.0,2226.0
1822,ranch,5.8,10.0,332.0
1823,range,3.5,7.0,7978.0
1824,rank,3.4,5.0,821.0
1825,rant,2.6,7.0,4.0
1826,rap,4.3,7.0,142.0
1827,rape,4.8,4.0,215.0
1828,rapt,2.4,5.0,13.0
1829,rare,2.5,6.0,1286.0
1830,rash,5.5,6.0,249.0
1831,rasp,2.8,8.0,1.0
1832,rat,6.8,22.0,155.0
1833,rate,2.6,8.0,34080.0
1834,rave,3.9,6.0,44.0
1835,raw,4.3,7.0,1422.0
1836,ray,4.3,9.0,803.0
1837,rays,4.2,10.0,174.0
1838,reach,4.3,4.0,4163.0
1839,realm,2.7,5.0,171.0
1840,ream,2.2,5.0,4.0
1841,reap,3.0,4.0,406.0
1842,rear,4.5,4.0,483.0
1843,red,6.0,,1464.5
1844,red,6.0,,1464.5
1845,reed,3.9,13.0,733.0
1846,reef,4.3,8.0,48.0
1847,reek,3.0,10.0,7.0
1848,reel,5.0,6.0,61.0
1849,reign,2.8,4.0,180.0
1850,rein,3.7,7.0,242.0
1851,rend,1.6,8.0,1.0
1852,rent,4.0,9.0,1168.0
1853,rest,3.8,4.0,5310.0
1854,retch,2.8,5.0,2.0
1855,rev,1.9,4.0,753.0
1856,rhyme,3.7,4.0,25.0
1857,rib,6.5,7.0,33.0
1858,rice,6.8,7.0,1209.0
1859,rich,4.3,4.0,2515.0
1860,rid,2.2,6.0,613.0
1861,ride,4.6,4.0,871.0
1862,ridge,4.9,8.0,273.0
1863,rift,3.3,7.0,193.0
1864,rig,4.0,6.0,226.0
1865,right,3.6,7.0,14304.0
1866,rile,1.7,7.0,13.0
1867,rim,4.7,6.0,173.0
1868,rind,3.4,7.0,18.0
1869,ring,6.2,6.0,797.0
1870,rink,4.2,29.0,56.0
1871,rinse,4.0,6.0,20.0
1872,rip,4.7,7.0,147.0
1873,ripe,4.7,7.0,264.0
1874,rise,3.3,4.0,13028.0
1875,risk,2.4,4.0,7422.0
1876,rite,2.1,6.0,225.0
1877,roach,6.6,6.0,265.0
1878,road,6.6,14.0,2053.0
1879,roam,3.9,4.0,55.0
1880,roar,4.1,7.0,71.0
1881,roast,5.7,8.0,64.0
1882,rob,4.2,5.0,155.0
1883,robe,5.9,22.0,27.0
1884,rock,6.4,4.0,1783.0
1885,rod,5.9,7.0,251.0
1886,rode,3.7,5.0,154.0
1887,roe,2.0,7.0,148.0
1888,rogue,4.0,11.0,65.0
1889,role,3.4,5.0,7040.0
1890,roll,4.5,5.0,1082.0
1891,romp,3.3,5.0,25.0
1892,roof,6.4,6.0,415.0
1893,rook,4.0,7.0,9.0
1894,room,5.6,13.0,4228.0
1895,roost,4.4,7.0,28.0
1896,root,6.0,7.0,435.0
1897,rope,6.6,7.0,151.0
1898,rose,6.7,5.0,34677.0
1899,rot,3.6,5.0,44.0
1900,rough,3.2,8.0,698.0
1901,round,5.4,8.0,2742.0
1902,rout,2.2,5.0,185.0
1903,route,4.7,6.0,1033.0
1904,rove,2.5,5.0,3.0
1905,rub,4.4,4.0,98.0
1906,rude,3.0,9.0,145.0
1907,rug,6.5,6.0,106.0
1908,rule,3.5,5.0,5626.0
1909,rum,5.4,9.0,58.0
1910,rump,4.7,5.0,11.0
1911,run,4.6,6.0,10385.0
1912,rung,3.9,8.0,50.0
1913,runt,3.8,11.0,3.0
1914,rush,3.9,4.0,1046.0
1915,rust,5.3,5.0,205.0
1916,rut,4.1,8.0,24.0
1917,rye,3.9,10.0,44.0
1918,sack,5.5,7.0,68.0
1919,sad,3.9,8.0,466.0
1920,safe,4.1,4.0,1757.0
1921,sag,3.6,6.0,48.0
1922,sage,4.7,9.0,110.0
1923,said,2.1,6.0,345647.0
1924,sail,6.0,4.0,144.0
1925,saint,5.5,5.0,526.0
1926,sake,2.3,5.0,288.0
1927,sale,3.8,7.0,20646.0
1928,salt,6.2,5.0,892.0
1929,salve,2.6,6.0,19.0
1930,same,2.4,8.0,18021.0
1931,sand,6.7,8.0,424.0
1932,sane,2.5,5.0,47.0
1933,sap,4.0,8.0,56.0
1934,sash,4.1,12.0,17.0
1935,sat,3.7,4.0,642.0
1936,sauce,5.7,8.0,190.0
1937,save,2.9,3.0,2568.0
1938,saw,3.9,5.0,3178.0
1939,say,2.8,5.0,36626.0
1940,scab,5.7,6.0,14.0
1941,scald,3.4,8.0,2.0
1942,scale,4.8,9.0,2219.0
1943,scalp,5.9,25.0,35.0
1944,scamp,2.6,12.0,2.0
1945,scan,3.7,5.0,94.0
1946,scant,2.0,6.0,333.0
1947,scar,6.2,6.0,39.0
1948,scarce,3.0,6.0,369.0
1949,scare,3.8,5.0,336.0
1950,scarf,6.5,22.0,40.0
1951,scene,3.8,6.0,1309.0
1952,scent,3.8,8.0,69.0
1953,scheme,2.7,9.0,1630.0
1954,school,6.5,6.0,8144.0
1955,scoff,2.6,7.0,74.0
1956,scold,3.9,9.0,13.0
1957,scoop,4.7,5.0,71.0
1958,scope,4.8,7.0,704.0
1959,scorch,3.9,5.0,4.0
1960,score,3.4,5.0,834.0
1961,scorn,2.3,3.0,72.0
1962,scotch,5.2,8.0,193.0
1963,scour,2.2,3.0,28.0
1964,scourge,1.6,11.0,53.0
1965,scout,5.3,9.0,138.0
1966,scowl,3.7,6.0,6.0
1967,scrap,4.2,5.0,496.0
1968,scrape,4.1,6.0,52.0
1969,scratch,4.7,5.0,262.0
1970,scrawl,2.5,6.0,8.0
1971,scream,4.5,6.0,90.0
1972,screech,3.5,8.0,9.0
1973,screen,6.2,4.0,1406.0
1974,screw,6.0,10.0,133.0
1975,scribe,3.5,7.0,22.0
1976,script,5.1,9.0,310.0
1977,scrub,4.9,7.0,55.0
1978,scruff,3.3,11.0,4.0
1979,scum,3.8,4.0,14.0
1980,sea,6.4,6.0,2253.0
1981,seal,5.5,4.0,304.0
1982,seam,3.7,8.0,13.0
1983,sear,2.7,6.0,28.0
1984,search,3.3,3.0,1984.0
1985,seat,6.2,7.0,2219.0
1986,sect,2.6,6.0,33.0
1987,see,3.0,4.0,15633.0
1988,seed,6.4,9.0,431.0
1989,seek,2.9,5.0,6117.0
1990,seem,1.7,5.0,5001.0
1991,seep,2.9,5.0,26.0
1992,seize,3.7,6.0,378.0
1993,self,4.3,3.0,4103.0
1994,sell,3.0,4.0,21996.0
1995,send,3.4,4.0,2216.0
1996,sense,2.8,5.0,4294.0
1997,sent,3.2,5.0,4853.0
1998,serf,3.2,9.0,8.0
1999,serve,3.0,6.0,2823.0
2000,set,3.7,,7313.5
2001,set,3.7,,7313.5
2002,sew,5.2,5.0,20.0
2003,sex,5.8,5.0,1288.0
2004,shack,5.5,9.0,126.0
2005,shade,4.3,5.0,143.0
2006,shaft,4.4,8.0,48.0
2007,shag,4.1,5.0,5.0
2008,shake,4.4,5.0,693.0
2009,shale,3.1,7.0,33.0
2010,shall,2.0,5.0,462.0
2011,sham,3.0,6.0,128.0
2012,shame,2.7,3.0,193.0
2013,shank,2.9,9.0,25.0
2014,shape,4.2,4.0,1243.0
2015,share,3.2,5.0,65901.0
2016,shark,6.8,27.0,109.0
2017,sharp,4.6,6.0,4261.0
2018,shave,5.6,7.0,102.0
2019,shawl,5.3,23.0,15.0
2020,she,3.8,8.0,24239.0
2021,shear,3.7,5.0,125.0
2022,sheath,4.0,6.0,2.0
2023,sheathe,3.2,3.0,1.0
2024,shed,6.1,,472.5
2025,shed,6.1,,472.5
2026,sheen,2.0,8.0,57.0
2027,sheep,6.8,,102.5
2028,sheep,6.8,,102.5
2029,sheer,3.5,4.0,355.0
2030,sheet,6.4,3.0,1415.0
2031,sheik,2.6,8.0,193.0
2032,shelf,6.5,6.0,1293.0
2033,shell,6.0,5.0,1454.0
2034,shelve,6.0,5.0,30.0
2035,shield,5.8,6.0,1118.0
2036,shift,3.6,3.0,2407.0
2037,shin,5.2,5.0,102.0
2038,shine,4.7,3.0,143.0
2039,ship,6.8,21.0,1753.0
2040,shirk,2.0,4.0,10.0
2041,shirt,6.5,22.0,499.0
2042,shoal,2.3,4.0,3.0
2043,shock,3.6,5.0,853.0
2044,shoe,6.5,21.0,901.0
2045,shone,2.5,4.0,28.0
2046,shook,3.8,6.0,209.0
2047,shoot,4.5,8.0,458.0
2048,shop,5.5,14.0,1754.0
2049,shore,5.8,9.0,633.0
2050,short,4.5,8.0,14601.0
2051,shot,4.9,9.0,2208.0
2052,should,1.9,5.0,23045.0
2053,shout,3.8,6.0,112.0
2054,shove,4.3,6.0,60.0
2055,show,4.0,3.0,11479.0
2056,shred,4.9,5.0,67.0
2057,shrew,3.5,10.0,6.0
2058,shrewd,2.7,6.0,185.0
2059,shriek,3.2,7.0,21.0
2060,shrill,2.5,7.0,42.0
2061,shrimp,6.8,,40.0
2062,shrimp,6.8,,40.0
2063,shrine,5.1,30.0,65.0
2064,shrink,4.0,6.0,713.0
2065,shroud,3.0,4.0,24.0
2066,shrub,6.3,15.0,7.0
2067,shrug,4.2,6.0,114.0
2068,shrunk,3.9,7.0,298.0
2069,shuck,3.6,4.0,11.0
2070,shun,3.0,4.0,164.0
2071,shunt,2.2,6.0,3.0
2072,shush,2.5,7.0,2.0
2073,shut,3.9,,658.0
2074,shut,3.9,,658.0
2075,shy,2.9,7.0,456.0
2076,sick,4.1,8.0,870.0
2077,side,3.8,5.0,5678.0
2078,siege,3.0,5.0,163.0
2079,sieve,1.9,6.0,24.0
2080,sift,4.0,4.0,42.0
2081,sigh,3.6,8.0,121.0
2082,sight,3.2,4.0,644.0
2083,sign,6.2,8.0,4058.0
2084,silk,5.9,7.0,178.0
2085,sill,2.9,7.0,8.0
2086,silt,4.0,8.0,15.0
2087,sin,3.0,5.0,196.0
2088,since,1.8,9.0,32522.0
2089,sing,4.9,7.0,280.0
2090,singe,3.5,7.0,0.0
2091,sink,5.4,5.0,286.0
2092,sip,4.4,5.0,47.0
2093,sir,3.8,13.0,1835.0
2094,sire,3.1,4.0,9.0
2095,sit,4.7,3.0,1417.0
2096,site,3.3,7.0,2152.0
2097,size,3.8,5.0,4979.0
2098,skate,5.9,5.0,31.0
2099,sketch,5.4,6.0,64.0
2100,skew,2.5,4.0,40.0
2101,ski,6.0,6.0,333.0
2102,skid,4.3,6.0,102.0
2103,skill,2.8,4.0,371.0
2104,skim,4.0,5.0,48.0
2105,skimp,3.0,3.0,19.0
2106,skin,6.3,24.0,868.0
2107,skip,4.2,3.0,154.0
2108,skirt,6.7,8.0,142.0
2109,skit,3.9,3.0,23.0
2110,skulk,2.2,5.0,2.0
2111,skull,6.5,17.0,77.0
2112,skunk,6.5,11.0,27.0
2113,sky,6.5,7.0,496.0
2114,slab,4.2,6.0,96.0
2115,slack,3.1,10.0,293.0
2116,slag,2.2,3.0,20.0
2117,slam,3.8,5.0,115.0
2118,slang,3.1,6.0,43.0
2119,slant,4.0,5.0,38.0
2120,slap,5.0,6.0,151.0
2121,slash,4.4,7.0,550.0
2122,slat,3.0,8.0,2.0
2123,slate,4.4,6.0,732.0
2124,slave,5.7,10.0,117.0
2125,slaw,4.3,10.0,9.0
2126,slay,3.8,5.0,16.0
2127,sled,6.6,7.0,54.0
2128,sleek,3.5,7.0,119.0
2129,sleep,5.5,4.0,529.0
2130,sleet,4.3,10.0,9.0
2131,sleeve,6.5,7.0,38.0
2132,sleight,2.3,2.0,37.0
2133,slept,4.5,5.0,108.0
2134,slew,2.5,6.0,162.0
2135,slice,5.3,3.0,257.0
2136,slick,4.0,7.0,226.0
2137,slid,4.1,6.0,1039.0
2138,slide,5.2,5.0,1476.0
2139,slight,2.3,8.0,1192.0
2140,slim,4.9,8.0,456.0
2141,slime,5.8,5.0,34.0
2142,sling,5.0,8.0,12.0
2143,slip,4.5,5.0,535.0
2144,slit,4.3,5.0,18.0
2145,slop,3.9,5.0,10.0
2146,slope,4.8,6.0,158.0
2147,slot,5.2,3.0,211.0
2148,sloth,4.1,4.0,18.0
2149,slouch,4.3,9.0,14.0
2150,slow,3.4,6.0,3799.0
2151,slug,5.7,7.0,41.0
2152,slum,4.2,5.0,58.0
2153,slump,3.9,7.0,1683.0
2154,slung,3.5,9.0,25.0
2155,slush,4.6,7.0,29.0
2156,slut,5.2,11.0,1.0
2157,sly,2.7,8.0,74.0
2158,smack,4.6,7.0,60.0
2159,small,4.2,8.0,16437.0
2160,smart,3.1,6.0,733.0
2161,smash,4.8,7.0,74.0
2162,smear,3.5,7.0,97.0
2163,smell,3.4,4.0,274.0
2164,smile,6.5,6.0,378.0
2165,smirk,4.5,9.0,9.0
2166,smite,2.1,6.0,6.0
2167,smock,4.5,6.0,13.0
2168,smog,6.0,4.0,136.0
2169,smoke,6.4,6.0,910.0
2170,smooth,4.0,7.0,526.0
2171,smudge,4.8,5.0,7.0
2172,smug,3.4,7.0,59.0
2173,smut,2.8,8.0,10.0
2174,snack,5.6,12.0,231.0
2175,snag,4.5,6.0,100.0
2176,snail,6.5,15.0,27.0
2177,snake,6.5,19.0,129.0
2178,snap,4.1,7.0,282.0
2179,snare,4.4,6.0,76.0
2180,snarl,4.2,7.0,35.0
2181,snatch,3.6,6.0,52.0
2182,sneak,3.5,6.0,126.0
2183,sneer,3.1,6.0,26.0
2184,sneeze,5.6,5.0,13.0
2185,sniff,4.3,5.0,48.0
2186,snip,3.8,5.0,6.0
2187,snipe,3.3,32.0,7.0
2188,snob,4.5,12.0,21.0
2189,snoop,3.7,4.0,5.0
2190,snooze,4.8,7.0,10.0
2191,snore,5.0,4.0,17.0
2192,snort,4.5,5.0,11.0
2193,snout,5.0,17.0,13.0
2194,snub,2.4,5.0,23.0
2195,snuff,4.3,5.0,54.0
2196,snug,3.9,7.0,16.0
2197,so,1.7,7.0,46961.0
2198,soak,4.0,5.0,84.0
2199,soap,6.5,5.0,440.0
2200,soar,4.3,6.0,327.0
2201,sob,4.6,9.0,26.0
2202,sock,6.7,8.0,36.0
2203,sod,4.2,5.0,28.0
2204,soft,4.1,6.0,2318.0
2205,soil,5.9,5.0,506.0
2206,sold,3.3,5.0,18532.0
2207,sole,3.8,4.0,976.0
2208,solve,2.7,3.0,944.0
2209,some,2.0,9.0,84965.0
2210,son,5.6,11.0,2642.0
2211,song,4.3,9.0,634.0
2212,soon,2.2,11.0,8343.0
2213,soot,4.6,8.0,13.0
2214,soothe,3.7,3.0,72.0
2215,sop,2.2,6.0,42.0
2216,sore,4.1,8.0,143.0
2217,sort,3.0,8.0,2504.0
2218,sought,2.0,6.0,4116.0
2219,soul,3.1,3.0,357.0
2220,sound,3.5,6.0,2531.0
2221,soup,6.5,11.0,486.0
2222,sour,3.6,5.0,365.0
2223,source,2.6,5.0,5428.0
2224,south,4.6,7.0,12413.0
2225,sow,4.6,5.0,35.0
2226,soy,3.9,15.0,42.0
2227,spa,6.0,6.0,1048.0
2228,space,4.5,2.0,5724.0
2229,spade,5.2,7.0,15.0
2230,span,2.9,4.0,240.0
2231,spank,5.0,5.0,2.0
2232,spar,2.7,4.0,64.0
2233,spare,4.2,4.0,659.0
2234,spark,5.4,4.0,529.0
2235,sparse,2.7,7.0,94.0
2236,spat,3.7,7.0,79.0
2237,spawn,3.5,14.0,81.0
2238,speak,3.8,5.0,1409.0
2239,spear,5.9,10.0,343.0
2240,speck,3.9,7.0,11.0
2241,speech,4.1,7.0,3047.0
2242,speed,3.3,5.0,2132.0
2243,spell,2.9,5.0,460.0
2244,spend,3.0,3.0,3976.0
2245,spent,3.3,4.0,4641.0
2246,sperm,6.0,11.0,99.0
2247,spew,3.8,7.0,23.0
2248,sphere,5.8,5.0,110.0
2249,sphinx,5.4,9.0,22.0
2250,spice,5.4,5.0,77.0
2251,spike,5.9,3.0,111.0
2252,spill,4.2,4.0,466.0
2253,spin,4.5,5.0,705.0
2254,spine,6.0,6.0,42.0
2255,spire,2.7,9.0,17.0
2256,spit,5.2,6.0,74.0
2257,spite,3.2,5.0,307.0
2258,splash,5.1,6.0,133.0
2259,splay,2.0,4.0,0.0
2260,spleen,5.5,7.0,18.0
2261,splice,3.5,6.0,15.0
2262,split,4.3,6.0,3841.0
2263,splotch,2.9,5.0,5.0
2264,splurge,3.2,6.0,18.0
2265,spoil,3.6,4.0,66.0
2266,spoke,4.1,6.0,786.0
2267,sponge,5.9,6.0,38.0
2268,spoof,2.2,7.0,36.0
2269,spook,3.6,8.0,27.0
2270,spool,5.5,8.0,10.0
2271,spoon,6.3,8.0,59.0
2272,spore,3.8,6.0,1.0
2273,sport,5.0,4.0,1033.0
2274,spot,5.2,6.0,2768.0
2275,spout,5.0,6.0,13.0
2276,sprain,4.5,7.0,4.0
2277,sprawl,3.6,5.0,37.0
2278,spray,5.0,5.0,229.0
2279,spread,4.0,3.0,2837.0
2280,spree,3.4,6.0,357.0
2281,sprig,2.9,11.0,3.0
2282,spring,5.9,4.0,3630.0
2283,sprint,4.7,5.0,686.0
2284,sprite,5.5,5.0,10.0
2285,sprout,4.7,8.0,44.0
2286,spruce,4.8,7.0,83.0
2287,spud,5.0,8.0,5.0
2288,spun,3.4,6.0,568.0
2289,spunk,2.8,5.0,6.0
2290,spur,5.3,7.0,840.0
2291,spurn,2.0,4.0,44.0
2292,spurt,3.3,8.0,221.0
2293,spy,4.3,9.0,391.0
2294,squad,4.4,7.0,186.0
2295,squall,4.0,8.0,2.0
2296,square,6.4,9.0,1817.0
2297,squash,5.3,,35.0
2298,squash,5.3,,35.0
2299,squat,4.5,4.0,39.0
2300,squaw,3.9,11.0,2.0
2301,squawk,3.6,5.0,15.0
2302,squeak,4.3,8.0,10.0
2303,squeal,3.1,5.0,25.0
2304,squeeze,4.3,5.0,755.0
2305,squelch,2.3,8.0,36.0
2306,squid,6.4,7.0,63.0
2307,squint,5.1,5.0,9.0
2308,squire,3.9,9.0,48.0
2309,squirm,4.7,5.0,18.0
2310,squirt,4.8,5.0,24.0
2311,stab,5.2,7.0,35.0
2312,stack,4.2,6.0,211.0
2313,staff,4.6,5.0,7575.0
2314,stag,5.0,38.0,17.0
2315,stage,6.1,5.0,2753.0
2316,stain,5.5,6.0,50.0
2317,stair,6.1,7.0,10.0
2318,stake,5.4,4.0,18370.0
2319,stale,3.3,8.0,64.0
2320,stalk,4.5,5.0,31.0
2321,stall,4.8,14.0,227.0
2322,stamp,6.1,8.0,373.0
2323,stance,3.4,4.0,999.0
2324,stand,5.0,6.0,3164.0
2325,star,6.8,5.0,2871.0
2326,starch,4.1,5.0,62.0
2327,stare,4.5,4.0,58.0
2328,stark,2.8,5.0,494.0
2329,start,2.9,3.0,7864.0
2330,starve,3.8,4.0,48.0
2331,state,4.9,4.0,31804.0
2332,staunch,1.7,7.0,167.0
2333,stay,2.6,3.0,3679.0
2334,stead,3.0,7.0,30.0
2335,steak,6.5,9.0,199.0
2336,steal,3.8,5.0,301.0
2337,stealth,2.8,3.0,410.0
2338,steam,5.6,5.0,813.0
2339,steed,4.2,36.0,28.0
2340,steel,5.8,5.0,8134.0
2341,steep,4.2,8.0,984.0
2342,steer,5.0,5.0,304.0
2343,stein,2.1,11.0,390.0
2344,stem,6.2,9.0,919.0
2345,stench,3.3,9.0,16.0
2346,step,5.7,8.0,4842.0
2347,stern,3.6,7.0,598.0
2348,stew,5.7,4.0,51.0
2349,stick,5.9,6.0,973.0
2350,stiff,3.7,8.0,621.0
2351,stile,2.0,8.0,1.0
2352,still,2.8,10.0,29791.0
2353,stilt,4.3,10.0,0.0
2354,sting,5.0,8.0,180.0
2355,stink,3.9,5.0,28.0
2356,stint,2.4,5.0,232.0
2357,stir,4.5,5.0,342.0
2358,stitch,5.3,4.0,19.0
2359,stock,3.8,4.0,85270.0
2360,stoke,2.8,5.0,26.0
2361,stole,3.6,6.0,147.0
2362,stone,6.6,5.0,1280.0
2363,stood,4.3,7.0,2098.0
2364,stool,6.1,9.0,46.0
2365,stoop,3.9,7.0,38.0
2366,stop,4.5,2.0,4719.0
2367,store,5.8,14.0,5098.0
2368,stork,5.7,30.0,15.0
2369,storm,6.2,4.0,631.0
2370,stout,3.6,6.0,83.0
2371,stove,6.9,9.0,62.0
2372,stow,2.3,7.0,3.0
2373,straight,4.1,6.0,1253.0
2374,strain,3.7,4.0,503.0
2375,strand,4.7,5.0,48.0
2376,strange,2.7,5.0,638.0
2377,strap,5.5,7.0,40.0
2378,straw,6.5,8.0,201.0
2379,stray,4.0,6.0,94.0
2380,streak,4.2,5.0,190.0
2381,stream,6.4,7.0,528.0
2382,street,6.3,14.0,12658.0
2383,strength,3.4,4.0,4145.0
2384,stress,3.4,7.0,1136.0
2385,stretch,4.5,4.0,513.0
2386,strict,2.7,4.0,639.0
2387,stride,4.2,8.0,166.0
2388,strife,2.7,2.0,227.0
2389,strike,4.6,6.0,5301.0
2390,string,6.2,7.0,846.0
2391,strip,4.8,3.0,852.0
2392,stripe,6.0,6.0,45.0
2393,strive,3.1,3.0,100.0
2394,stroke,4.5,7.0,305.0
2395,stroll,4.5,5.0,80.0
2396,strong,4.0,5.0,14963.0
2397,strove,2.6,4.0,14.0
2398,struck,3.8,7.0,1291.0
2399,strum,3.5,3.0,12.0
2400,strut,4.0,6.0,23.0
2401,stub,4.5,9.0,93.0
2402,stuck,3.2,7.0,748.0
2403,stud,4.9,13.0,39.0
2404,stuff,3.6,5.0,1095.0
2405,stump,5.8,4.0,115.0
2406,stun,3.1,5.0,6.0
2407,stung,4.4,9.0,146.0
2408,stunt,3.7,5.0,124.0
2409,sty,2.5,6.0,1.0
2410,style,3.3,8.0,3041.0
2411,suave,2.9,7.0,46.0
2412,such,1.7,4.0,48773.0
2413,suck,4.4,6.0,43.0
2414,suds,5.8,10.0,8.0
2415,sue,3.6,11.0,850.0
2416,suede,5.2,8.0,20.0
2417,suit,5.5,22.0,9756.0
2418,suite,5.2,6.0,296.0
2419,sulk,3.1,6.0,4.0
2420,sum,3.4,2.0,1008.0
2421,sun,6.9,6.0,3120.0
2422,sung,3.3,8.0,211.0
2423,sunk,3.5,6.0,171.0
2424,sup,1.7,6.0,7.0
2425,sure,2.2,6.0,4946.0
2426,surf,6.1,6.0,114.0
2427,surge,3.3,4.0,2644.0
2428,swab,5.2,5.0,21.0
2429,swam,4.4,5.0,20.0
2430,swamp,6.0,6.0,106.0
2431,swan,6.3,30.0,108.0
2432,swank,2.4,7.0,66.0
2433,swap,2.9,5.0,1933.0
2434,swarm,4.8,6.0,32.0
2435,swat,4.5,6.0,26.0
2436,swath,2.0,6.0,52.0
2437,sway,3.8,4.0,178.0
2438,swear,3.0,5.0,68.0
2439,sweat,5.8,7.0,212.0
2440,sweep,5.0,4.0,340.0
2441,sweet,4.0,7.0,516.0
2442,swell,3.9,5.0,159.0
2443,swept,4.4,5.0,494.0
2444,swerve,5.0,6.0,12.0
2445,swift,3.3,7.0,433.0
2446,swig,3.9,9.0,11.0
2447,swim,5.6,4.0,120.0
2448,swing,5.8,4.0,722.0
2449,swipe,3.6,7.0,51.0
2450,swirl,4.3,7.0,59.0
2451,swish,3.1,7.0,2.0
2452,switch,4.3,8.0,1474.0
2453,swoon,3.2,5.0,32.0
2454,swoop,3.5,7.0,45.0
2455,sword,6.8,10.0,136.0
2456,swore,3.0,6.0,27.0
2457,swung,4.2,5.0,305.0
2458,sync,2.2,6.0,36.0
2459,tab,3.9,16.0,212.0
2460,tack,5.3,7.0,186.0
2461,tact,2.4,5.0,22.0
2462,tag,4.5,6.0,467.0
2463,tail,6.5,8.0,256.0
2464,taint,3.1,3.0,52.0
2465,take,2.8,4.0,23148.0
2466,talc,3.1,6.0,22.0
2467,tale,3.6,8.0,508.0
2468,talk,4.7,6.0,4653.0
2469,tall,5.1,8.0,496.0
2470,tame,3.1,6.0,93.0
2471,tan,5.2,4.0,288.0
2472,tank,5.9,8.0,1037.0
2473,tap,4.2,7.0,546.0
2474,tape,6.1,4.0,1377.0
2475,taps,3.9,8.0,83.0
2476,tar,5.5,6.0,139.0
2477,tart,4.1,8.0,17.0
2478,task,3.2,4.0,2701.0
2479,taste,4.0,7.0,865.0
2480,taught,3.4,8.0,670.0
2481,taunt,2.9,3.0,23.0
2482,taut,2.3,7.0,30.0
2483,tax,4.2,5.0,33082.0
2484,tea,6.4,5.0,484.0
2485,teach,3.7,7.0,637.0
2486,teal,5.1,7.0,4.0
2487,team,5.0,6.0,4774.0
2488,tear,5.7,5.0,346.0
2489,tease,3.8,6.0,29.0
2490,tee,4.2,7.0,48.0
2491,teem,1.7,5.0,4.0
2492,teeth,6.7,19.0,410.0
2493,tell,2.5,5.0,3809.0
2494,tempt,2.8,9.0,61.0
2495,tend,2.1,5.0,2120.0
2496,tense,2.6,7.0,218.0
2497,tent,6.6,9.0,147.0
2498,term,3.3,8.0,19735.0
2499,test,5.3,5.0,6177.0
2500,text,5.1,8.0,555.0
2501,than,1.6,7.0,92330.0
2502,thank,2.7,5.0,319.0
2503,that,2.0,8.0,474749.0
2504,thaw,3.3,6.0,65.0
2505,the,1.3,8.0,2645810.0
2506,theft,3.4,6.0,456.0
2507,their,1.9,9.0,95415.0
2508,them,2.5,9.0,36879.0
2509,theme,3.1,6.0,1202.0
2510,then,1.5,10.0,22081.0
2511,thence,1.7,11.0,11.0
2512,these,1.6,7.0,29036.0
2513,they,2.3,8.0,113452.0
2514,thick,3.7,6.0,396.0
2515,thief,5.3,10.0,83.0
2516,thieve,4.7,5.0,0.0
2517,thigh,6.2,20.0,29.0
2518,thin,4.9,5.0,1396.0
2519,thing,2.6,3.0,6041.0
2520,think,2.6,4.0,15989.0
2521,thirst,3.0,4.0,50.0
2522,this,1.8,8.0,121072.0
2523,thong,6.2,8.0,5.0
2524,thorn,6.4,3.0,194.0
2525,those,1.7,8.0,30828.0
2526,thought,3.1,5.0,5931.0
2527,thrash,3.1,6.0,22.0
2528,thread,6.0,7.0,116.0
2529,threat,3.2,4.0,3078.0
2530,thresh,2.2,5.0,1.0
2531,threw,4.0,7.0,579.0
2532,thrice,2.7,13.0,24.0
2533,thrift,3.0,13.0,4398.0
2534,thrill,3.3,5.0,115.0
2535,thrive,2.9,7.0,133.0
2536,throat,6.4,8.0,184.0
2537,throb,3.9,6.0,7.0
2538,throne,6.1,13.0,58.0
2539,throng,2.4,4.0,48.0
2540,through,1.9,8.0,30152.0
2541,throw,4.3,6.0,852.0
2542,thrush,3.1,6.0,10.0
2543,thrust,4.0,,219.0
2544,thrust,4.0,,219.0
2545,thud,3.3,5.0,19.0
2546,thug,4.9,11.0,15.0
2547,thumb,6.7,10.0,152.0
2548,thump,3.7,5.0,14.0
2549,thus,1.6,7.0,6180.0
2550,thwart,1.8,6.0,546.0
2551,thyme,2.1,13.0,4.0
2552,tic,3.8,7.0,10.0
2553,tick,5.8,7.0,71.0
2554,tide,5.3,8.0,405.0
2555,tie,6.4,6.0,1006.0
2556,tier,3.1,3.0,478.0
2557,tight,4.3,7.0,1508.0
2558,tights,6.1,10.0,19.0
2559,tile,5.3,6.0,89.0
2560,tilt,4.1,7.0,205.0
2561,time,4.2,4.0,46569.0
2562,tin,5.9,7.0,281.0
2563,tinge,2.0,6.0,20.0
2564,tint,4.6,6.0,18.0
2565,tip,4.2,7.0,537.0
2566,tire,6.2,8.0,2184.0
2567,tit,5.0,9.0,21.0
2568,to,1.4,8.0,1200570.0
2569,toad,6.8,19.0,9.0
2570,toast,6.5,10.0,73.0
2571,toe,6.7,10.0,146.0
2572,toil,2.9,4.0,40.0
2573,told,2.4,6.0,10996.0
2574,toll,3.9,10.0,743.0
2575,tomb,6.4,10.0,85.0
2576,ton,3.6,7.0,1014.0
2577,tone,3.0,7.0,978.0
2578,tongue,6.5,8.0,232.0
2579,too,1.3,7.0,19514.0
2580,took,2.4,5.0,10190.0
2581,tool,6.0,6.0,1485.0
2582,toot,3.3,8.0,10.0
2583,tooth,6.8,18.0,132.0
2584,top,4.8,5.0,13174.0
2585,torch,6.2,8.0,60.0
2586,tort,1.7,3.0,286.0
2587,toss,4.4,8.0,92.0
2588,tot,3.2,12.0,8.0
2589,tote,4.2,6.0,31.0
2590,touch,4.2,4.0,1041.0
2591,tough,3.8,7.0,3456.0
2592,tour,3.9,8.0,1210.0
2593,tow,4.3,6.0,141.0
2594,town,5.9,12.0,3207.0
2595,toy,6.8,4.0,1254.0
2596,trace,3.6,5.0,287.0
2597,track,5.1,6.0,2328.0
2598,tract,2.7,7.0,158.0
2599,trade,3.0,7.0,31728.0
2600,trail,5.6,7.0,445.0
2601,train,6.3,7.0,1288.0
2602,trait,2.9,3.0,54.0
2603,tram,2.9,5.0,11.0
2604,tramp,4.9,5.0,32.0
2605,trance,4.0,5.0,23.0
2606,trap,4.4,8.0,292.0
2607,trash,6.2,6.0,349.0
2608,tray,5.8,6.0,40.0
2609,tread,3.4,8.0,77.0
2610,treat,4.6,4.0,1125.0
2611,tree,6.8,18.0,640.0
2612,trek,2.9,8.0,122.0
2613,trench,4.9,7.0,43.0
2614,trend,3.1,7.0,3267.0
2615,tribe,5.6,3.0,279.0
2616,trick,3.9,7.0,265.0
2617,trill,2.0,13.0,1.0
2618,trim,4.0,6.0,903.0
2619,trip,4.3,8.0,1909.0
2620,tripe,1.7,8.0,6.0
2621,trite,2.1,6.0,6.0
2622,troll,5.5,9.0,60.0
2623,troop,5.6,7.0,223.0
2624,trot,3.8,6.0,24.0
2625,trough,4.2,6.0,93.0
2626,trounce,2.2,4.0,4.0
2627,troupe,2.8,4.0,112.0
2628,trout,6.3,7.0,108.0
2629,truce,2.3,4.0,334.0
2630,truck,6.9,29.0,2579.0
2631,trudge,2.3,6.0,8.0
2632,trump,2.9,6.0,1926.0
2633,trunk,6.0,8.0,102.0
2634,trust,2.9,3.0,9260.0
2635,try,2.0,2.0,6141.0
2636,tub,6.3,11.0,54.0
2637,tube,5.7,8.0,386.0
2638,tuck,4.1,5.0,55.0
2639,tug,4.3,6.0,142.0
2640,tune,3.5,6.0,504.0
2641,turf,4.9,5.0,407.0
2642,turn,3.9,5.0,6507.0
2643,tusk,5.4,6.0,8.0
2644,tweed,3.6,9.0,54.0
2645,tweet,3.0,4.0,0.0
2646,twice,2.9,12.0,2600.0
2647,twig,6.3,10.0,2.0
2648,twin,5.2,10.0,505.0
2649,twine,4.8,6.0,7.0
2650,twinge,2.8,5.0,8.0
2651,twirl,4.7,7.0,3.0
2652,twist,4.7,4.0,342.0
2653,twit,3.0,10.0,5.0
2654,twitch,4.3,5.0,22.0
2655,tyke,2.7,11.0,1.0
2656,type,4.8,8.0,2458.0
2657,up,3.8,11.0,86354.0
2658,urge,2.5,7.0,614.0
2659,urn,4.7,12.0,9.0
2660,us,2.0,8.0,118556.0
2661,vague,2.8,4.0,539.0
2662,vain,3.4,7.0,149.0
2663,vale,3.7,7.0,16.0
2664,valve,5.0,5.0,229.0
2665,vamp,3.1,13.0,3.0
2666,van,6.3,3.0,2014.0
2667,vane,3.7,8.0,20.0
2668,vase,6.2,13.0,32.0
2669,vast,3.0,8.0,1339.0
2670,vault,5.6,9.0,150.0
2671,veal,4.6,8.0,27.0
2672,veer,2.6,7.0,24.0
2673,veil,5.3,22.0,125.0
2674,vein,5.8,7.0,82.0
2675,vend,3.2,3.0,0.0
2676,vent,5.4,6.0,63.0
2677,verb,3.0,4.0,14.0
2678,verge,2.6,7.0,256.0
2679,verse,3.8,7.0,64.0
2680,vest,6.2,22.0,112.0
2681,vet,6.0,14.0,28.0
2682,vex,1.7,8.0,9.0
2683,vice,2.9,4.0,26699.0
2684,vie,1.5,3.0,214.0
2685,view,3.2,3.0,6577.0
2686,vile,3.3,9.0,26.0
2687,vine,6.7,11.0,38.0
2688,vise,2.5,8.0,19.0
2689,vogue,2.3,7.0,182.0
2690,voice,3.7,6.0,2312.0
2691,void,3.0,2.0,289.0
2692,volt,3.8,6.0,29.0
2693,vote,4.3,5.0,8991.0
2694,vouch,2.3,4.0,17.0
2695,vow,3.3,6.0,144.0
2696,wad,4.0,6.0,43.0
2697,wade,4.5,5.0,172.0
2698,wag,5.0,5.0,25.0
2699,wage,3.6,8.0,3665.0
2700,waif,2.6,12.0,12.0
2701,wail,2.7,6.0,15.0
2702,waist,6.0,6.0,72.0
2703,wait,2.6,3.0,2035.0
2704,waive,2.8,3.0,267.0
2705,wake,3.4,4.0,2069.0
2706,wale,2.8,7.0,0.0
2707,walk,5.2,5.0,1034.0
2708,wall,6.2,13.0,12643.0
2709,waltz,5.1,8.0,32.0
2710,wand,5.6,7.0,17.0
2711,wane,2.2,8.0,82.0
2712,want,2.4,5.0,14241.0
2713,war,5.4,5.0,9400.0
2714,ward,3.0,9.0,1269.0
2715,ware,2.3,5.0,67.0
2716,warm,3.5,7.0,637.0
2717,warn,3.0,6.0,717.0
2718,warp,3.4,6.0,34.0
2719,wart,5.4,8.0,7.0
2720,was,1.4,,99420.5
2721,was,1.4,,99420.5
2722,wash,5.1,5.0,1009.0
2723,wasp,6.5,8.0,40.0
2724,waste,3.8,5.0,3031.0
2725,watch,5.9,3.0,1793.0
2726,watt,3.3,6.0,94.0
2727,wave,5.5,6.0,1634.0
2728,wax,5.6,6.0,110.0
2729,way,2.3,4.0,21286.0
2730,we,2.3,7.0,61693.0
2731,weak,3.3,6.0,3448.0
2732,wealth,4.3,4.0,1079.0
2733,wean,2.8,3.0,74.0
2734,wear,3.3,3.0,910.0
2735,weave,5.1,6.0,41.0
2736,web,6.0,3.0,217.0
2737,wed,4.5,,19.5
2738,wed,4.5,,19.5
2739,wedge,5.1,7.0,123.0
2740,wee,2.0,8.0,81.0
2741,weed,6.5,11.0,126.0
2742,week,3.8,4.0,31909.0
2743,weep,5.0,5.0,25.0
2744,weigh,3.5,4.0,328.0
2745,weird,3.5,5.0,212.0
2746,weld,4.2,5.0,119.0
2747,well,3.3,6.0,26946.0
2748,welsh,2.6,9.0,116.0
2749,welt,3.1,7.0,39.0
2750,wench,3.8,14.0,1.0
2751,went,1.6,7.0,6789.0
2752,wept,4.6,6.0,23.0
2753,were,1.5,7.0,86582.0
2754,west,4.5,6.0,18461.0
2755,wet,5.3,5.0,262.0
2756,whack,3.9,7.0,57.0
2757,whale,6.6,9.0,94.0
2758,wham,3.1,7.0,8.0
2759,wharf,2.6,12.0,96.0
2760,what,1.4,8.0,38782.0
2761,wheat,6.5,16.0,2126.0
2762,wheel,6.5,12.0,652.0
2763,wheeze,3.8,8.0,4.0
2764,whelp,2.9,10.0,0.0
2765,when,1.7,9.0,60840.0
2766,whence,2.1,10.0,18.0
2767,where,1.9,12.0,20122.0
2768,whet,1.9,4.0,16.0
2769,whey,2.7,6.0,2.0
2770,which,1.6,9.0,118913.0
2771,whiff,3.0,8.0,69.0
2772,while,2.0,7.0,35585.0
2773,whim,1.8,4.0,64.0
2774,whine,3.7,4.0,13.0
2775,whip,5.0,5.0,239.0
2776,whirl,4.4,7.0,23.0
2777,whisk,3.9,6.0,13.0
2778,white,6.5,5.0,13667.0
2779,whiz,3.0,6.0,109.0
2780,who,1.5,9.0,90434.0
2781,whole,2.9,5.0,4497.0
2782,whom,2.1,10.0,2987.0
2783,whoop,3.1,5.0,13.0
2784,whore,5.3,13.0,16.0
2785,wick,5.4,7.0,34.0
2786,wide,4.1,8.0,6141.0
2787,width,3.4,6.0,44.0
2788,wield,2.7,4.0,104.0
2789,wife,5.7,12.0,3219.0
2790,wig,6.5,7.0,79.0
2791,wild,4.1,7.0,1022.0
2792,will,2.6,5.0,164389.0
2793,wilt,4.1,6.0,20.0
2794,win,4.0,6.0,5064.0
2795,wince,3.4,7.0,14.0
2796,winch,3.6,7.0,13.0
2797,wind,4.7,6.0,1054.0
2798,wine,6.2,6.0,1446.0
2799,wing,6.1,7.0,1331.0
2800,wink,5.4,6.0,36.0
2801,wipe,5.0,6.0,292.0
2802,wire,6.0,5.0,1208.0
2803,wise,2.9,6.0,476.0
2804,wish,3.0,5.0,1113.0
2805,wisp,3.0,6.0,7.0
2806,wit,2.6,7.0,193.0
2807,witch,6.6,8.0,109.0
2808,with,1.6,8.0,241752.0
2809,wives,6.1,13.0,315.0
2810,woe,2.5,4.0,37.0
2811,woke,3.4,5.0,55.0
2812,wolf,6.7,24.0,732.0
2813,wolves,6.5,25.0,54.0
2814,womb,5.7,8.0,36.0
2815,won,3.2,7.0,6035.0
2816,woo,2.1,5.0,457.0
2817,wood,6.5,7.0,1540.0
2818,wool,5.8,7.0,153.0
2819,word,3.7,8.0,2853.0
2820,work,3.9,4.0,22012.0
2821,world,6.5,2.0,25037.0
2822,worm,6.6,11.0,100.0
2823,worst,2.2,7.0,2399.0
2824,worth,2.3,6.0,5251.0
2825,would,1.6,7.0,118644.0
2826,wove,3.4,7.0,10.0
2827,wrack,2.4,5.0,1.0
2828,wrap,4.6,3.0,193.0
2829,wrath,3.1,6.0,106.0
2830,wreak,3.7,4.0,37.0
2831,wreath,5.4,10.0,27.0
2832,wreathe,4.3,2.0,0.0
2833,wreck,5.1,5.0,104.0
2834,wren,3.1,31.0,9.0
2835,wrench,5.2,6.0,53.0
2836,wretch,2.6,10.0,3.0
2837,wring,3.1,6.0,76.0
2838,wrist,6.4,8.0,97.0
2839,writ,2.1,12.0,46.0
2840,write,4.8,4.0,4525.0
2841,writhe,2.5,5.0,1.0
2842,wrong,2.4,6.0,3195.0
2843,wrote,3.6,5.0,3240.0
2844,wry,1.6,6.0,70.0
2845,yacht,6.2,18.0,212.0
2846,yak,3.8,8.0,9.0
2847,yam,4.8,8.0,35.0
2848,yank,4.0,7.0,48.0
2849,yap,3.0,5.0,7.0
2850,yard,6.2,5.0,439.0
2851,yarn,6.2,9.0,79.0
2852,yawn,5.2,9.0,62.0
2853,yea,2.2,8.0,10.0
2854,year,3.9,4.0,132357.0
2855,yearn,2.9,5.0,34.0
2856,yeast,5.3,6.0,58.0
2857,yell,4.2,4.0,55.0
2858,yelp,3.4,5.0,4.0
2859,yen,2.6,3.0,12226.0
2860,yes,2.3,7.0,1102.0
2861,yet,1.8,10.0,12724.0
2862,yield,4.1,6.0,9951.0
2863,yoke,5.3,7.0,18.0
2864,yolk,5.2,5.0,3.0
2865,yore,1.5,4.0,23.0
2866,you,3.1,9.0,33846.0
2867,young,4.3,5.0,7281.0
2868,youth,4.9,10.0,796.0
2869,yule,2.5,5.0,7.0
2870,zeal,2.1,4.0,203.0
2871,zest,3.2,4.0,47.0
2872,zinc,4.7,7.0,228.0
2873,zip,5.1,6.0,115.0
2874,zone,4.1,5.0,721.0
2875,zoo,6.8,5.0,172.0
2876,zoom,3.5,4.0,38.0
