epoch,timetick,intercept,os,op,ps,wf,wlen,ons,pns,os_op,os_ps,op_ps,os_op_ps,convert,model
10,12,2.2295967731263,-0.0848471581061653,-0.75086211333419,-0.00539191875634238,0.642754089644922,0.118392233056735,0.389396945151427,0.116076349738136,0.0466113186624107,-0.0112249709071377,0.0132608990479647,0.0139660599992498,TRUE,1
10,6,1.17733032499242,-0.205290838822952,-1.01461970570467,0.138366150616949,0.336311018206762,0.242157052480931,0.311416358503606,0.30407769607172,-0.0331619572859407,-0.0383778211382727,-0.0447873945131915,0.0197271872184791,TRUE,1
100,12,6.42775902636219,0.0870976447297706,-0.402586258153476,-0.236184763953844,1.73445862637049,-0.0696856966489711,0.121024546000349,-0.00710219565828417,0.00559679343319435,0.0413937898091231,0.0932597529135884,-0.0469054587457045,TRUE,1
100,2,5.10195327305369,-0.115935370648955,-1.26862017582637,0.0248627755213654,0.962200812801327,0.0375197674623832,0.448489443160753,0.0489534594452612,0.06302867086577,-0.0153690301267395,-0.0397157879966067,0.0427911035100637,TRUE,1
100,6,7.09745630155629,0.120182574199934,-0.707026145900369,-0.271454829379516,1.89619669741592,-0.0342129501671355,0.236982727044466,-0.193734404735258,0.0928012107071086,0.0138258960608287,0.0461921000137918,-0.00392249427863158,TRUE,1
150,12,8.20988186906874,0.0626528683365804,-0.341472053209812,-0.230183489455342,2.58582503015368,-0.116175880192251,0.013674732316535,0.0144299044377493,0.0246332838934679,0.0316854511041968,0.079113043317253,-0.0429962798679383,TRUE,1
150,2,6.45451737769564,-0.0534025193971186,-1.03913619860733,-0.00540862839033965,1.45666547397708,0.0414861761764391,0.408109124287161,0.0163126314935085,0.111875261038438,-0.00296545776562677,-0.00911000764446895,0.0288180437338459,TRUE,1
150,6,9.71967800327745,0.314106441393286,-0.729303299084872,-0.312646401860146,3.04490277273412,-0.210091683408884,-0.0138161566030685,-0.0308867006564085,-0.122093633174815,0.030926369195898,0.373455816961211,-0.0570598271543354,TRUE,1
20,12,3.71483733642311,-0.0757822101725562,-0.639694917478025,0.0359719574617763,0.997492858280387,0.112474656111808,0.297458815793084,0.0908288761992691,0.0646789097557572,0.0067821408642468,0.0231232561715282,0.000406326638598172,TRUE,1
20,2,-3.94962667227349,0.0086364721810828,-0.550971371755437,0.0568233583353763,0.249834284474334,-0.0254742221247266,0.135589547333663,0.463650278220443,0.118902224526211,-0.0387132720267326,-0.00799853144836229,-0.148652053429758,TRUE,1
20,6,3.10681007503218,-0.175025269688437,-1.15601082781196,0.00287816374972767,0.60439109071327,0.15823158916191,0.409556948461716,0.125809924343544,0.0151347354460217,-0.0181321744967923,0.0252282045445965,0.0182811456627395,TRUE,1
200,12,9.88867522083201,0.0661233093094551,-0.37593700942155,-0.364394491014636,3.5309347467157,-0.155479811177808,0.0338499331840661,0.0510731327361906,-0.0822794077177963,0.124378820271401,-0.123552228163598,0.19211325826511,TRUE,1
200,2,7.34407856860563,-0.11352348812026,-0.938302866286172,-0.203138204556492,1.85355294011678,0.0599037856511694,0.302853588108146,-0.0777457832870547,0.0824367942397776,0.0333455109493943,0.102359456599932,-0.0135613606110754,TRUE,1
200,6,11.6264060420046,0.392708086347551,-0.605772118744759,-0.510776564361779,4.03639737286986,-0.0527638423114266,-0.171278454543654,0.351187342340056,-0.216552817733958,0.0988559130506878,0.264805033856812,-0.10796371870547,TRUE,1
3,12,-1.02460293375833,-0.188649126346073,-0.614155241222746,0.0950796846797858,0.135148835704304,0.114692523390302,0.265135484968366,0.489823245260844,-0.0264752938435059,0.00395860536975931,-0.066121490948496,0.0248886889082464,TRUE,1
3,6,-2.0774676976907,-0.0703022551251264,-0.475479657038633,-0.0718731306028341,0.124228931187464,0.274788498550843,0.235520844216853,0.794881083050981,-0.0124374393221423,-0.00272096474111219,-0.108720909825605,-0.00887346978604199,TRUE,1
5,12,0.361923359866698,-0.164742402132494,-0.796073134817066,0.0677113717957681,0.335261378309075,0.146418663504621,0.385358784123229,0.296363036361218,0.0189671101352138,-0.0184620239977851,-0.0411766879132855,0.0303918441747618,TRUE,1
5,6,-0.570290566694602,-0.123158445573606,-0.808592413781863,0.0417509252841715,0.192768672576459,0.264965523540814,0.310159416924538,0.671018326722535,-0.017504335164191,-0.0219949526135939,-0.0317336281852897,-0.00657826194774668,TRUE,1
50,12,4.84596984344556,-0.182516841944024,-0.517017607270561,0.000827488628423625,1.10618064233553,-0.0742931286219463,0.0626395845962774,-0.107834190486084,0.10809831922075,0.0111236347205295,0.0451095700438035,-0.0213901513296556,TRUE,1
50,2,2.35659491327924,-0.295520832780317,-1.41755397125792,0.159519069106138,0.439646475380691,0.171854785348385,0.638716374292021,0.249195438007322,0.0600780082425852,-0.0392817594406781,-0.083627325635224,0.0160617585276748,TRUE,1
50,6,4.95117156078839,-0.0784798384630211,-0.960596052152992,-0.0963457432541701,0.986360307837364,-0.0809592704539086,0.26393861806735,-0.248204864739625,0.0434085418056188,0.00839885054752445,0.048475474231255,0.0129582504225215,TRUE,1
10,12,0.0678872529392013,-0.00364164918676781,0.10383178945186,0.0101901843613896,-0.169605825253691,0.0749870592227236,-0.144135782201905,-0.122240095809935,-0.0478591798778946,0.000559444036817198,-0.0145172487690512,0.0112211416131676,TRUE,2
10,6,0.170635130990027,0.0383644103534213,0.180762660845676,-0.0353792470040379,-0.101423631426518,0.0324282105861817,-0.143578085514127,-0.215720839520137,0.00953635096501252,-0.00575886173220076,0.00427266516091064,0.00927853092630903,TRUE,2
100,12,0.00734448368946144,-0.0329548676854192,0.0403950387921485,0.00606520375749974,-0.201045581725985,-0.000694098365962595,-0.0755063499119534,-0.00428730806330986,-0.0144004566092534,0.00109900998878547,-0.0090457890680708,0.000982107569200975,TRUE,2
100,2,0.067117069728125,0.00381057721526009,0.395749129329995,0.0192735758049231,-0.152936526735326,0.0631355515000463,-0.185093447576883,-0.097875498874135,-0.0177592829415214,-0.00192974240972244,-0.0115465450899079,0.0062590578337993,TRUE,2
100,6,0.0287366892987465,-0.0249172333745976,0.169306670169364,0.0530118872431784,-0.216844676919674,0.00678714369812924,-0.0476132405188905,-0.0205400192347573,0.0320761605931483,-0.00583097922876763,-0.0359972936047766,-0.00310358908304735,TRUE,2
150,12,0.00137439036332295,-0.0419981322848796,0.0346943045865038,-0.0136431150786181,-0.183769623573621,0.0428292185351674,-0.0462779316899872,-0.00111176986260809,-0.0174052493992158,0.00493816120258542,0.00189687539506217,0.000262978842383516,TRUE,2
150,2,0.0460219710320439,-0.012465312287573,0.404976945478655,-0.00030841039448849,-0.22301452106083,0.032878468487296,-0.17195557837348,-0.0683557910154957,-0.0126985894860869,0.00173685649183835,0.01247809138891,-0.00786618913662265,TRUE,2
150,6,0.0193628118065983,-0.00760758078013439,0.113219975227411,-0.00188994030507062,-0.179392291476967,0.005412156077326,-0.0403959905157526,0.00325102549634331,0.0233775532482309,-0.00170423239917703,-0.0194967980711148,0.0005045134214078,TRUE,2
20,12,0.0377980419556751,-0.00551483372766308,0.0876630513362525,0.00391793616880651,-0.233608686191082,0.0754370620012865,-0.103984220954137,-0.0592059706704425,-0.0205450246085147,-0.00160567209921113,-0.0241378589630249,0.0119453065233567,TRUE,2
20,2,0.119580494688031,0.0183830367098061,0.055998070207088,-0.00914272472094057,-0.0935872691082746,0.556278792935931,-0.0158203630117295,-0.0891146684465748,-0.0463909303368267,0.009870267568334,0.0442175044722561,0.0142652364592298,TRUE,2
20,6,0.105078506934146,-0.0025109959138768,0.272292090611162,-0.00892820824279963,-0.141805753266416,0.0114964157430255,-0.182280289939596,-0.106081388277648,-0.0234705242256237,0.00961627997971595,-0.00175931611221246,0.00996012267423048,TRUE,2
200,12,0.00287821270719304,-0.0295696757452671,0.0287996912558929,-0.00119198576478322,-0.170084592685235,0.0245908125643445,-0.0459152256409412,0.0077271382878584,0.0108940396808153,0.00200150455243857,-0.00412976881928803,-0.00180936221860643,TRUE,2
200,2,0.0398356588541449,-0.0223804472210883,0.346278272832131,0.0120108578843027,-0.265156418286326,0.0157807246758527,-0.15494042316058,-0.0561532119666051,-0.0157027317365809,-3.51338699723162e-05,-0.00510404203900609,-0.00725408272321153,TRUE,2
200,6,0.0111985055569722,0.00734957142271749,0.0747462100533012,-0.00309206397368675,-0.147276029583929,0.00583906374107089,-0.0231508971385569,0.000380997302751763,0.0288357476035022,-0.00333502431585921,-0.0138014945748224,-0.00298123909851355,TRUE,2
3,12,0.133336224016306,0.0194342889910147,0.081687392362207,0.000705278685802897,-0.0467831786909472,0.162897898810434,-0.0351308489353959,-0.247461693737428,-0.000174630883259811,-0.0129327168739816,0.0144455770301992,-0.0067237489016106,TRUE,2
3,6,0.18765239106964,0.0313467729394625,0.089851237364834,-0.0234249455839844,-0.106339142908361,0.0912134119674908,-0.00333334886523557,-0.305375488194631,-0.0128755534299972,0.0124468248273257,0.0148079613548807,-0.00700846568194356,TRUE,2
5,12,0.137045603189784,0.0153906123223332,0.101779643278036,-0.010994272943167,-0.0932999832363345,0.0698535638322729,-0.149192570104215,-0.182521581490565,0.0070640071852029,-0.0122081652329759,-0.0230199410004495,-0.00040046390283537,TRUE,2
5,6,0.199673242497937,0.00982810525883285,0.124300513198739,-0.0233465614243747,-0.0557498437388086,0.0697612091756781,-0.0910646233894987,-0.307699767296289,-0.00194845518379383,0.00784604772443134,0.0462057104975048,-0.00425744848753259,TRUE,2
50,12,0.0119174829544889,-0.0110056600671882,0.0645510743289815,-0.0124281394368249,-0.233791473157943,-0.000783837862105152,-0.0670529321670586,-0.0177981250049036,0.00233995080749257,0.00742427016042562,-0.0321438279085641,0.0115977717430581,TRUE,2
50,2,0.116911329989062,0.0131267196859174,0.222724685133207,0.0158603208453701,-0.106880521683811,0.214423973124134,-0.0879532020143829,-0.242637999693564,0.0263264224412678,-0.00504242193652665,-0.0236087062359056,-0.000376184544397027,TRUE,2
50,6,0.0458799807509109,-0.00565445086838584,0.252302140368109,-0.0289915607093452,-0.195243113376458,-0.0159033449790816,-0.110699080352654,-0.00389416169017251,-0.0132557207905805,0.00503765050908806,-0.00303488656642756,0.00237071561233632,TRUE,2
10,12,2.34505181788366,0.104338561691399,-0.78891601312294,-0.0950140434511667,0.587861101358013,0.048083420641812,0.353049182713168,0.0604132359600325,-0.0689689898673395,0.0565951891885542,0.0228014196358104,-0.0103965571107594,TRUE,3
10,6,1.24028346746978,-0.016446888479367,-1.01742772360228,-0.0934501635598951,0.264831427380139,0.158042244841798,0.318461134827706,0.248378372627136,-0.0108251626525888,0.0132435766028898,-0.0681064775444982,-0.0390848401642717,TRUE,3
100,12,6.68425084798041,-0.0130046596297432,-0.460135886890494,-0.0607824730616111,1.59824794689914,-0.264482329745933,0.137556075019854,-0.0584865980605836,-0.0287826868147636,-0.125539768358591,0.0363215143717778,0.0120906783207691,TRUE,3
100,2,5.18716688618713,0.233935958482704,-1.3770235134153,-0.183736119609988,0.879958875626745,-0.130783361942003,0.401791299752004,-0.123276321058094,-0.0891376924657731,0.0236913997127262,0.00532958348599381,0.0700785895053097,TRUE,3
100,6,7.44887156336812,-0.0977773389386851,-0.739151282003447,0.00368614201215539,1.96920541331987,-0.168694186911767,0.167034421656787,-0.17665021306802,-0.0152700769982924,0.102190979287356,0.0258843573182318,-0.0601750769069281,TRUE,3
150,12,8.926224591306,-0.0486619852926063,-0.42176690920486,-0.032499167683176,2.62820552812608,-0.323536053696014,0.0150772144705219,0.00473110388551726,-0.164826348277329,-0.278458674275727,0.197318986501844,-0.0582095035345189,TRUE,3
150,2,6.62860067909368,0.142613702197222,-1.14796634732714,-0.079767872811296,1.41504976009491,-0.245803185357399,0.331056721300147,-0.186959924872074,-0.0736974340791292,0.0290473173777601,0.0648743777390467,0.130116674610973,TRUE,3
150,6,10.2900953735079,0.325589189329055,-0.714143236119832,0.191907771765617,3.07232211119363,-0.521548871689237,-0.232134417760245,-0.056551205765144,-0.0408919515412247,0.106617428030624,0.261214198334962,0.130909256099821,TRUE,3
20,12,3.84121066198104,0.0259053636507923,-0.680900301238094,-0.011392035007385,0.912107065128471,-0.0769909605848904,0.239677349107868,0.0280736131161172,-0.0656692626528659,0.0288323845914334,0.0432365937517752,0.0250888675051505,TRUE,3
20,2,-3.99612771466087,-0.0547084980654335,-0.649396466290799,0.0432996018075043,0.216028051530697,-0.239709389105051,0.137488496296788,0.557112066155548,0.00935930310233642,0.135754650496677,-0.0994915645834067,-0.0434582375661964,TRUE,3
20,6,3.30472061339909,0.0486017489776818,-1.23536245681226,-0.114553373989697,0.570916459677408,0.119313506193452,0.468638342596353,0.0726467100305792,-0.0537233193128323,0.0235640253840772,0.0464170043460071,0.000626753479643779,TRUE,3
200,12,11.1592385915727,-0.31847154011105,-0.378328841483772,0.105069870184422,3.50893323756763,-0.430862195796998,0.00652588063252703,0.344829637634548,-0.0250248053556423,0.00180253997208358,0.0767836870967929,0.226422000674286,TRUE,3
200,2,7.62702949445771,0.0174634393855138,-1.03209976578558,-0.0979105440446541,1.8475853802185,-0.234526427014124,0.27064486754555,-0.226531119827598,-0.0115651233888766,-0.0130591841745085,0.178965060578623,0.150901704731562,TRUE,3
200,6,11.6420433110419,-0.389839570927318,-0.473280832929418,0.331773922542338,3.84623982099551,0.0262981320626143,0.00702558695519035,0.333769373971536,0.19049453944531,0.11864723945033,0.219839285148343,0.203493982046146,TRUE,3
3,12,-0.883905384294776,-0.0848006442565154,-0.613827001658008,-0.0369437690313842,0.098763177776545,0.158640099297985,0.361104886979061,0.493411413261746,0.0467044376126589,0.0768930962158907,-0.126090289918649,-0.0126159646826499,TRUE,3
3,6,-2.01945791345834,-0.091222666458589,-0.461535074232764,-0.0990910534003363,0.101297216848075,0.275036316422388,0.332864086361261,0.819446399841845,0.0401832448672341,-0.0489870718770026,-0.276773579101357,-0.0566024156047739,TRUE,3
5,12,0.503438021783687,-0.00779610356324074,-0.804273265937185,-0.115952501563268,0.290837238496805,0.124128934386056,0.460189312778857,0.212863510261542,0.05464259533726,0.0510556611235415,-0.0362122710790839,-0.023407764584674,TRUE,3
5,6,-0.529039075307787,-0.078411039568695,-0.798027833460297,-0.0723698989276078,0.106414218803596,0.190557483052231,0.369371320587084,0.659767626332351,0.0762193463081387,0.0501467010544969,-0.0941890410262543,-0.0242675520408793,TRUE,3
50,12,5.02385958306264,0.056300314100267,-0.543014520642543,-0.0407618502807761,0.994883700749264,-0.221281990013959,0.0899798762309272,-0.142286578230724,-0.0185584270227222,0.0366346453145471,0.107536466178449,-0.059777879006373,TRUE,3
50,2,2.46093501789684,-0.00393303439841302,-1.52094320141708,-0.107991649159779,0.392777679471525,0.12172629147947,0.737814144612169,0.22906336317539,0.00600136423941523,0.0907138726555311,-0.0112443272743224,0.0622911375271099,TRUE,3
50,6,5.07654610728915,0.0725229428022128,-1.00885834101095,-0.0879678122659261,0.916919500677966,-0.311288946709179,0.201542234046968,-0.321368496415175,-0.0164237257252552,0.104089318787777,0.038720057019098,-0.0632381228273288,TRUE,3
10,12,0.0606541488424339,-0.0200703054303563,0.135034903484712,0.0178364241800015,-0.165583554034684,-0.000478760719028601,-0.168435267020038,-0.092383741328728,0.000233968360143895,0.00779983916556201,-0.00613742375911297,-0.00531152833310165,TRUE,4
10,6,0.162214045596662,0.0264594061391373,0.171626574457522,-0.0452999510854489,-0.0826225561613874,-0.0496872488607009,-0.170833422557485,-0.237957897029353,-0.00618029171148711,0.0101343524225045,0.034886415188666,0.0209398055081312,TRUE,4
100,12,0.00209865572438469,-0.0267113813543473,0.0400511823618284,-0.0147375924713363,-0.185630707493154,-0.00568176927651754,-0.0621437716765862,-0.0108926577572877,-0.0268331088405098,0.00843577898940665,-0.00273031838450796,-0.0142650932569146,TRUE,4
100,2,0.0610606250027616,-0.00490331657408138,0.420388745104208,-7.94973174744185e-05,-0.138559899983882,-0.0517000184464624,-0.234586187840821,-0.112934266353034,-0.00387565369387428,-0.0194421496532404,0.013065622014199,0.00887050949428422,TRUE,4
100,6,0.0182986739541391,-0.0264689746302531,0.163810414042549,0.011583225446584,-0.203243376453669,-0.00124918225092927,-0.0456643876006833,0.00206317401989361,-0.0108789597251907,-0.00904707776428378,0.00755174435203519,-0.0153941796310136,TRUE,4
150,12,0.000439537320012192,-0.0461655762216644,0.0288997925774467,-0.0182525967674527,-0.172620198142821,0.034383615645957,-0.031752326235198,0.000676488800336003,-0.0226284458986424,-0.00030342043108555,0.0016293849610757,-0.00722754495742218,TRUE,4
150,2,0.0423571424129785,-0.0278801842130665,0.444334363932824,0.017252736789497,-0.225756667909323,-0.0349099877318505,-0.207101386908534,-0.0422471238368261,0.00441103417590147,-0.0135995539003899,0.0286039259600413,-0.0059655340120226,TRUE,4
150,6,0.0156342414163639,-0.0445847380003725,0.0973626449023661,0.000153873261481037,-0.171893855716208,0.0188251059228481,-0.0178371515263839,0.00886937516294982,-0.036294865142587,-0.000867769776729589,-0.00784080500063797,-0.0118411386927577,TRUE,4
20,12,0.0361329860977744,0.00191193398965734,0.0988969767398846,0.00696032487508706,-0.23157678273976,0.026970771161562,-0.118504877201306,-0.0275494259274662,0.00381344122236904,-0.0240779965742837,-0.000142834423811586,0.00615633609710878,TRUE,4
20,2,0.105256565020045,-0.0225400602419451,0.0655741116409253,-0.00989238921656066,-0.12257959576958,0.334527274564391,-0.0657917240448376,-0.171746282113512,-0.00546451261518129,0.0254566391140276,-0.00866201519643328,-0.0486112928418858,TRUE,4
20,6,0.112058367451116,-0.000733932825151345,0.288439372477007,0.00250475557373382,-0.129847182150715,-0.0755421827106271,-0.215876365450608,-0.104779793929893,-0.0110496579182048,-0.00584587885353517,0.0198927456199752,0.0231293832710247,TRUE,4
200,12,0.00233954806838531,-0.0446137513873481,0.024334564956664,-0.00726582409323184,-0.154117289886933,0.0333397708046434,-0.0171507807923448,-0.00309566073381806,-0.0192810218257682,-0.00970158338312052,-0.000800930140636483,-0.00292239568171621,TRUE,4
200,2,0.0411512409399682,-0.024100748167557,0.387717439229343,0.0166487922043413,-0.269854499126651,-0.00849656523924644,-0.173071167257553,-0.0173591006667614,0.0193878966516505,-0.0118435931604083,0.0118833405967105,-0.0160649702473457,TRUE,4
200,6,0.00662350303313809,-0.0299168870114296,0.0659429158957324,0.0116757177206094,-0.140252115747936,0.0284780999208186,0.00472909130508934,0.000242079160275428,-0.0445040818834291,-0.00228516185729279,-0.00228798108070088,-0.00844430146557395,TRUE,4
3,12,0.121680409465054,0.0102471023082083,0.0645149617421502,-0.00502224844842693,-0.0411531288651561,0.00306290035571753,-0.0787540330897349,-0.259076767201635,-0.0123071482704936,0.00474049100239542,0.0164374067359448,0.00985810398115166,TRUE,4
3,6,0.192617545771847,0.0247330045630579,0.0730294690833807,0.0103760703091959,-0.10924383450537,-0.0833950262134511,-0.126043353874326,-0.299373730392268,-0.0350431652282388,0.0686832737222562,0.0291673436047133,-0.00794230433771046,TRUE,4
5,12,0.130569155235312,0.0169674051442984,0.111292396995687,-0.0430871051003759,-0.083353917088731,-0.0375681426302273,-0.192088416904988,-0.190914662670513,0.0141794663819231,-0.00313508841733086,-0.0167059111382019,-0.00810572741152087,TRUE,4
5,6,0.209054815568753,0.0137735721921108,0.0958129665811176,-0.0170121025516723,-0.046733434891136,-0.0777723417466589,-0.169792870730659,-0.31688392412623,-0.00496634637533741,0.0334080144441526,0.0685670877581024,0.0463305217427208,TRUE,4
50,12,0.0151550082089969,-0.00687398485511703,0.0767181068464016,-0.0192942101698063,-0.22372422159034,0.00682658988051597,-0.0596088912431697,-0.000195001613673948,-0.00981468235824356,-0.0150115110326214,-0.0101176366637453,0.000746140218056962,TRUE,4
50,2,0.108637364245272,0.00987249191545183,0.195915423727793,-0.0363167756505476,-0.0781898996705745,0.0796803883167284,-0.149421357540467,-0.280334291256872,-0.0631912171429604,-0.0158709733496637,0.00726215950993063,0.0330331744586705,TRUE,4
50,6,0.0461388378706247,-0.0191630534051337,0.259967966665595,0.0029893632638477,-0.191449827648463,-0.0294231922119069,-0.132655556126921,0.0439401937168231,0.0107946550005999,-0.0177696796795157,0.00970245166997687,0.00700790635640786,TRUE,4
10,12,0.0568476887221573,0.017798594765789,0.320310922432133,0.053074693624536,-0.221216119133232,-0.049771202386648,-0.0536630102914556,-0.0695258583303433,0.0572361348761927,-0.0269953795709375,-0.104511450540676,-0.118081849387518,TRUE,6
10,6,0.1587983670804,0.0819106304405143,0.432521183652481,-0.0375617322570526,-0.145294388149501,0.200375227354132,0.178233250971602,-0.297188636847486,0.20627806693754,-0.0454293444029166,-0.114552536919278,-0.271560487996293,TRUE,6
100,12,-0.00679564762953971,0.0146099695845696,0.00263775601723436,-0.0420908673733157,-0.0849403963774683,-0.0531961558534139,-0.0674397838062249,-0.0199779848578456,-0.0273003227978935,-0.0188647177730864,0.0500665307084228,-0.0239836973765233,TRUE,6
100,2,0.046300596917856,0.0563092432185097,0.616300522007028,-0.162540774284469,-0.250449956601407,-0.0642190190213581,-0.0288650702860984,-0.17427953552774,-0.107601370488074,0.0403903135620306,-8.54824844921404e-06,0.0865719673294102,TRUE,6
100,6,0.00282562515604481,0.062141086880219,0.16860724837174,-0.113805304934337,-0.144862693339796,0.00339642893527877,0.159315566289198,-0.204972589843991,-0.0249764667867551,0.00143211158177314,-0.0148444933650978,0.00658667931293248,TRUE,6
150,12,0.0136435969054883,0.00285713822936079,0.032807393330485,-0.00627553696207042,-0.107499234761979,0.0246503458149674,-0.0152876610323464,-0.0216321005223482,0.0275551239315567,-0.0393759047782769,-0.00177857847982606,-0.0392180224345379,TRUE,6
150,2,-0.0103402932594553,-0.0232167056498031,0.553570321823376,-0.0723073903907872,-0.273104390067784,0.00183379387485026,-0.00795851507003742,-0.0553041589976918,-0.146121088749316,0.0872073890963772,0.0242008709305868,0.151464390625489,TRUE,6
150,6,0.00391549581875636,0.0283619466651485,0.0192333191462576,-0.0618465427137121,-0.0272670335641316,-0.0256768561984216,0.0617146263388395,-0.117617201943555,0.0197632124791975,-0.000829002231038348,-0.0149943274937727,-0.0101841010506149,TRUE,6
20,12,0.0214634910033673,-0.0843082120320029,0.0599601908698987,0.216069191768996,-0.198106610227576,0.038544213274761,-0.124468451325306,0.122334512455709,-0.066794183876244,-0.012334583184218,-0.0248745435715744,0.0609313107372295,TRUE,6
20,2,0.330066458576955,0.266618985601279,0.41567371810954,-0.398910079875307,-0.160178147544776,0.200610298021318,-0.0183429720849066,-0.239369611284474,0.573439337591298,-0.601601889916898,-1.04050211321351,-0.821912886938438,TRUE,6
20,6,0.138613167017513,0.175871496450491,0.598761896358871,-0.022735436989604,-0.232968414911815,-0.0154083681541269,0.124562285420744,-0.0358949388208962,0.146525971299235,-0.0900234156551931,-0.136763367610688,-0.144006846329606,TRUE,6
200,12,0.0016454163168421,-0.00973195229068969,0.0247507163676451,-0.0603998812886098,-0.104529488695612,-0.052644728254095,-0.0440682016959483,-0.0525805886406332,0.0404925778852809,-0.0149191184239035,0.0098865793224167,-0.0473604029770703,TRUE,6
200,2,0.0204606556766616,0.0914306810272139,0.373578128946005,-0.118584391809339,-0.324377050196612,-0.0218872260616672,0.0297722658576566,-0.131852711006727,-0.187500935786467,0.0604450896862556,0.0208999841309084,0.156746508113271,TRUE,6
200,6,0.00771103536093257,0.04090305487249,0.0480429185800022,-0.00215858605597353,-0.0496663753582053,0.0643410922608677,0.0537019058756099,-0.00610206617186015,0.0436097322272226,-0.00505671273874466,-0.0188972902102474,-0.00964697032389939,TRUE,6
3,12,0.187992420730331,0.0176706149879203,0.191988902723026,-0.0494317013041053,-0.0565678052331716,0.0628813791358992,-0.0342654098877238,-0.268826534184624,-0.0159377311132063,-0.0616106410309169,-0.0803907967166749,-0.0115424276276394,TRUE,6
3,6,0.2180057859193,0.332753585960667,0.338853728122615,-0.0658215850317127,0.046538525505573,0.165001880667486,0.426551302916729,-0.511296864757262,0.423148660063396,-0.202925729815201,-0.0790410122944154,-0.10385913138439,TRUE,6
5,12,0.111035222540429,0.135800558695089,0.345625999581453,0.0908621618113691,-0.172243978711833,-0.074115262405106,-0.0983856838218204,-0.0816039145206358,0.227509772169134,-0.0452624137482848,-0.0917672708747906,-0.208448259037907,TRUE,6
5,6,0.27632985977685,-0.221133899041111,0.267277204068679,0.0884663017760025,0.0688221232386643,-0.0485939191694549,-0.0952054717162899,-0.377626592501426,-0.186772073380098,0.0368996546410657,0.0402437530213468,0.116376851663833,TRUE,6
50,12,0.00998529075084205,-0.0730407285961699,0.0528065120002951,0.0882781553124095,-0.160282038994826,0.00617535967359246,-0.061118402307215,0.0759495018140099,-0.00323154728193641,-0.00891393546255902,0.0194871997927401,0.026904253885073,TRUE,6
50,2,0.124774575736391,0.0062236704806366,0.365288730889334,0.0687345585179033,-0.104164570067056,0.24160197544201,0.0350192126818152,-0.245073079791529,0.113678542481312,0.00440761841934015,-0.0317251007139548,0.0615355630087439,TRUE,6
50,6,0.00654259470985504,-0.0477876941211192,0.306100741783359,0.0183580586394545,-0.19023524741244,0.0197419328060142,0.0886826718507099,0.0808293719970304,-0.0844384494091058,0.0759519705696049,0.0245708657665083,0.118081256261347,TRUE,6
10,12,2.21068233325317,-0.00898400351321626,-1.20593233161275,0.242335468578989,0.993079337123419,0.153298959398238,-0.23102783528749,0.134952894231247,-0.202949075739633,-0.0849094735461778,-0.156155974753286,-0.11385631560002,TRUE,7
10,6,0.80439990673589,-0.0678399565316611,-1.54588944867941,-0.0664738417254452,0.765737218891316,-0.553007134830539,-0.335516419873472,-0.192535591827732,-0.278886729450167,-0.0370263339389706,0.226376553982576,-0.0257877810563947,TRUE,7
100,12,10.2944118869385,-1.07135672306421,-0.10689178970901,0.830450876109863,1.28464343257931,-0.702978222678235,-0.682145793640448,3.95993716478234,0.229712885543753,-0.224187089690291,0.292600430907922,-0.305963913460308,TRUE,7
100,2,5.81014253662692,-0.751654023044437,-2.29238463741329,0.775018595510994,1.55961802483674,-0.666593046592592,-0.134294406961812,0.122324410792765,0.110159143533196,-0.615610951471537,-0.0488345995552084,-0.186119580763189,TRUE,7
100,6,2689.10337562514,-1920.49037465265,-732.315075260019,-279.546806938018,1.0700010094734,42.6986809270552,-388.343707403158,753.060590260859,712.215586596055,302.343479817964,305.094779282725,-134.157187254173,TRUE,7
150,12,199.962597984754,-14.408615359703,23.1811036836734,57.8617593755423,54.5224719079227,86.9249714399012,29.3332203802526,78.5053368170293,-49.4449160704178,-6.16460105498374,-12.2248485625059,24.8175207366492,TRUE,7
150,2,7.13505952689892,-1.23526053481712,-1.88236189319067,0.950282248313913,1.67030770356635,-0.937900991830688,-0.663286206229727,0.747493113573402,0.188351073089014,-0.841962847851646,0.484535771433508,0.0113181160214132,TRUE,7
20,12,3.88962937307568,-0.266452312307903,-0.858947482359584,0.317658782017587,0.951624021360556,-0.121564014428375,-0.47609841203172,0.3909942957969,-0.160537920798227,-0.147143636687338,-0.0794303779093334,0.00224448548428459,TRUE,7
20,2,-5.15452973889446,0.626855544333991,-2.2464744734053,0.355980214941502,-0.189996439730177,-0.683737499981592,-0.44320116407842,0.295503626686248,1.34709807438705,0.305884610736285,-0.178642296511631,-0.342669274955869,TRUE,7
20,6,2.96392747748178,-0.239394510258898,-1.71696041711257,-0.016993562261405,1.03044155427507,-0.289443288085857,-0.234516603340382,-0.407612014485484,-0.0935367412196108,0.10543976526652,-0.302970201445519,-0.374478873964475,TRUE,7
200,2,7.97274716817201,-1.76391961200486,-1.46228400799092,0.311708588112394,1.30616545461209,-1.08223453981855,-0.788897254674851,1.06793499829123,0.0152053519508001,-0.293227722969104,0.582932531340102,0.105759114664152,TRUE,7
3,12,-1.20264690634765,-0.0457513028771862,-0.76990556141638,-0.095030778898586,0.430365890880747,-0.240700456430795,0.0646556737081546,0.202342666690243,0.201148895695574,-0.0621941294804795,-0.27843669632459,-0.198499233389015,TRUE,7
3,6,-2.20905611056061,-0.000891528976674099,-0.929367905155107,0.291402623883464,-0.137652364777187,-0.0647006794938877,0.128904724330216,0.740222713349038,0.0430665875823665,-0.122537562560913,-0.369948642715396,-0.531055698363608,TRUE,7
5,12,0.0578281077546945,-0.11588295545501,-1.18998628667025,-0.033609466560867,0.627479491204693,0.0132281790279499,0.157950163811507,0.210705226448551,-0.0173891506107403,0.0410530128327491,-0.10608826043234,-0.0363917718125512,TRUE,7
5,6,-0.843831897594118,-0.0447973455343723,-0.939674405295402,0.314995809705393,0.351985843992752,-0.392369829931072,-0.306857006372016,0.670430864457741,0.302603191366374,0.166888285245479,-0.343823379125262,-0.268245009280182,TRUE,7
50,12,5.54118232301077,-0.236902357539852,-0.688580685232462,0.513402975818194,0.778113940626727,-0.11406642014279,-0.143625501972843,0.444655460509361,0.0100564933890941,-0.279239430904558,0.247243016570611,0.114067378066339,TRUE,7
50,2,1.46765338161704,-0.0613654954383853,-2.48583538880474,0.0261640702762871,0.897241625766208,-0.0432901977700188,1.00216998806722,-0.689863078860513,0.00773659485012327,-0.197980254223304,0.168758133728849,-0.235482576201268,TRUE,7
50,6,4.0864392855086,-0.261224638342747,-1.09623151771606,-0.0418604708572676,0.616795951646214,-0.307106577356132,-0.202449903839451,-0.181022432169556,-0.0360834678995018,0.0458161854311334,-0.0514603476507465,-0.123802739981944,TRUE,7
10,12,0.0572187507653353,0.0342032935885246,0.289015149692564,0.0682655230539895,-0.212155150418749,-0.0470697258639305,-0.0538861604366165,-0.0861136841208051,0.036868626701435,3.29199019447907e-05,-0.0845761538900847,-0.0121443273796675,TRUE,8
10,6,0.140456601991534,0.135944926456598,0.333585408294479,0.0450743811887154,-0.12752833859067,0.270956125118502,0.156785298873937,-0.24528753715925,-0.0528668197470764,-0.033775090532282,0.044847483878418,0.114970394862829,TRUE,8
100,12,-0.010315412969635,-0.00293768557744907,-0.0144215108343756,-0.0295705890774231,-0.0879064066362499,-0.0740068033017319,-0.0835215340062851,-0.0177233953729066,-0.062971441814403,0.0119707750476192,0.0188462265491771,-0.0379907728124249,TRUE,8
100,2,0.0464160192355299,0.0336873277440104,0.654931341049451,-0.0934449080079772,-0.262331410095531,-0.014706979458298,-0.0656728374399765,-0.0739552071170559,-0.0441115241206385,-0.0135897303380724,0.0697158341306173,0.134603932747901,TRUE,8
100,6,0.0113925414895045,0.0105268253099873,0.1718638445933,-0.093749644410271,-0.141872026646041,0.0192629064930154,0.139143318953729,-0.201139311178672,0.00441475405457248,0.00446542673064782,-0.0473884208139579,-0.0292658227886124,TRUE,8
150,12,-0.00380688336484056,-0.00915041561657168,0.0117672212457421,0.000927640719181848,-0.119284811024418,0.00281154410606003,-0.0246933440961142,-0.0142128159475039,-0.0294660595351724,0.0351529575090502,-0.00141642399661629,-0.0248266954790623,TRUE,8
150,2,0.00480110825698774,-0.0654918491829428,0.591203816933023,-0.0359257245084168,-0.289664202412506,0.00737477082616251,-0.0311104779748949,-0.00258551049190299,-0.0731417546511173,0.000631004470625223,0.0561305993993025,0.114468135069644,TRUE,8
150,6,0.00421902723821223,-0.0107472655446397,0.00911122521723739,-0.048966217294316,-0.0278299044027484,-0.0199875603211261,0.0508653645114744,-0.114183505083829,0.00477122645933833,0.00877020869905712,-0.0195065313111173,-0.0104315511912948,TRUE,8
20,12,0.0256158183286588,0.075544497408383,0.113383850107465,0.141171572702431,-0.185537788569158,-0.0150123605811305,-0.113318067615086,0.0643009107267682,-0.0104413733520078,0.010362423446654,-0.0862719205158494,-0.0631475283698881,TRUE,8
20,2,0.45301940501214,-0.0430111815107893,0.573265596964779,-0.255283291080382,-0.193747359801338,0.293636529013334,0.230038835040089,-0.513918060743339,-0.467001782228277,-0.604301816332914,-0.475044533499042,-0.359059081031402,TRUE,8
20,6,0.109975658662548,0.0730178696198067,0.552474652638689,0.0520502465663167,-0.235021451389117,0.0681851725264069,0.0843260630826255,0.0559554404658389,0.0102414582891265,-0.00992039794330886,-0.0228000888713557,0.068709490592267,TRUE,8
200,12,-0.00454630760213159,-0.00107327097718633,0.0027319205401479,-0.0546219099588744,-0.107454356614492,-0.0737015273903823,-0.0460724381044822,-0.0624438134578799,-0.00572403809753401,0.0427615961699,0.00664582037760429,-0.0290691157445607,TRUE,8
200,2,0.0394220367008224,0.0446330756234001,0.413932549050204,-0.0674994641708711,-0.307507877592634,0.00498990226780895,-0.0261743559982652,-0.101662240044716,-0.0757749576949504,0.0345975402225957,-0.0114370104864523,0.0417307051678882,TRUE,8
200,6,0.00135823666306662,-0.00741334205374776,0.0305759066907673,0.0135456924790602,-0.0473994467539957,0.0822159675427651,0.0420157282387564,0.00772884872154407,-0.00706406330350435,-0.0122247604305536,-0.00595477607497562,0.0106757264710704,TRUE,8
3,12,0.167813585743431,0.0233858620316772,0.181985716494721,-0.0204774687597807,-0.061963222181873,0.0777196037134193,0.0407975077541814,-0.251968900413129,0.0180556156940129,-0.0788510104686924,-0.0185285854693559,0.21558343896726,TRUE,8
3,6,0.12685024137354,-0.0616616418846181,0.234958099577948,0.0857768453649653,0.0289033429744253,0.0912782218340907,0.28575405055658,-0.386143251063741,-0.0776610907212199,0.137585118472459,0.0978811493349207,0.117863395791077,TRUE,8
5,12,0.110167778691871,-0.015384067980609,0.25234950501234,0.173750871530104,-0.185415489827171,-0.0292553120474219,-0.145838164928614,-0.00923367679900285,0.081076276329997,-0.0516950285056831,-0.040878081427053,0.00961815408117785,TRUE,8
5,6,0.282582483484608,-0.0387324174373504,0.273411650038139,0.0657858748459091,0.0497827746665393,-0.0286330960355156,-0.0125206974099399,-0.289185252101095,-0.110534520257897,-0.0176519530689322,0.0601670513975159,0.184199622165848,TRUE,8
50,12,0.00878572238014926,0.0698811024170009,0.088316927856157,0.0322987388561032,-0.147412409934294,-0.0212622130770416,-0.0366114763197451,0.032050617157467,0.0367443942693782,0.0338537066343258,0.00840721858927834,-0.0249593708397902,TRUE,8
50,2,0.0868925020275028,0.0556026156683208,0.335863024457553,0.0563432099617169,-0.0849121430468403,0.284178277763631,0.0550237164030604,-0.193162382212624,-0.10293005306079,-0.108278738988185,0.0975571022804411,0.160810484292149,TRUE,8
50,6,0.0264982859267319,0.0190800313923389,0.358277794515549,0.00696948651749978,-0.178034931261195,0.0353511640988534,0.098109564361507,0.0800768463506921,0.0320628049859103,-0.00224790830509009,0.0482052651142722,0.0744867473536148,TRUE,8
10,12,-5.8855404251203,0.00190367697061485,-0.150285164506236,0.230138299948397,1.73886319626167,0.692842712509093,0.299387184129541,-0.164485590364033,0.0311885994564007,-0.0105301278671239,-0.0438262319477803,0.00203927870491902,TRUE,9
100,12,0.852569840565038,0.111150479550617,-0.13345845514283,0.218399931513866,2.99078415917874,0.478848481584083,0.0477951002890202,-0.158292526758372,-0.0539425185509876,-0.0280768440969741,-0.0659194535094079,0.0413921908848618,TRUE,9
100,2,-14.1418810787103,0.0441206064959498,0.325470346882751,0.120299654664691,2.58170007904859,1.40363778236133,-0.385707746887426,-0.666106770341499,0.0942560247625441,-0.175015346153898,-0.0803000561832832,-0.0508705029814777,TRUE,9
100,6,-1.69880953536535,0.429168056909462,0.0250422141966522,0.337847854304769,3.22153257581667,0.718604310753893,-0.011520410935679,0.208987477677688,0.0529259370769324,-0.0899335099405485,0.00217154442938279,-0.0185920430644376,TRUE,9
150,12,2.47492800224426,0.171987073032664,-0.0526692314576471,0.169965736332741,3.15330447085528,0.370620606612104,0.0464568894979076,-0.0321164606650634,-0.0212489242021799,-0.0281141764413008,-0.0761235771109349,0.0463410225997422,TRUE,9
150,2,-9.34661539821178,0.13813792420279,-0.028746806898716,0.0537342725966824,2.04922211300513,0.954842985428069,-0.322194449521119,0.0621997442483806,0.197461296043098,-0.0402458891361687,-0.0734585895517134,0.00548741839419528,TRUE,9
150,6,0.654692122441717,0.33710789811768,0.0265713859666355,0.418333311207972,3.28345221261769,0.639389938212712,0.0141201145624089,0.20227521606819,0.0346192578372577,-0.0716719514964284,-0.06127075894923,0.01113625137571,TRUE,9
20,12,-4.13070827046932,0.119955133752671,-0.183875186790963,0.235693834209013,2.07611738177203,0.759152796053744,0.343817775928674,-0.333093233680531,0.0549270982856564,-0.0375429198316415,-0.15484252221975,0.0282184900719767,TRUE,9
20,6,-11.0351517088592,-0.18550957551968,0.322968647556006,-0.00414102421125408,1.92521722647512,1.31766209864752,0.552970293030171,0.273284124395327,0.149459132686397,-0.00979116277891697,-0.0876152499628886,0.0652167504771698,TRUE,9
200,12,3.48918420698497,0.163012830725291,-0.0492648449744805,0.236723128068356,3.25576465744596,0.307598629514133,0.0487427320678961,-0.0220158142073782,-0.0457170624405548,-0.0315439881321437,-0.0763238709275627,0.0231784410605024,TRUE,9
200,2,-6.77028711371856,0.127429966055727,0.0341195622120397,0.045253950764392,2.22440316307555,0.676078721209558,-0.284372396881194,0.0898445772761808,0.141887935079216,0.020367255399169,0.0018030750276703,-0.0353153204396723,TRUE,9
200,6,1.98596913460721,0.360580019401609,0.027629182870317,0.297156484006703,3.22065331369701,0.560119599469733,0.0451587301809046,0.162613192206255,-0.023891156539356,-0.0475332160264205,-0.0510621161097514,0.0245076791443547,TRUE,9
3,12,-14.9745064503443,-0.250136504407413,-8.17222002692229,-1.56309511022189,1.45342329467892,1.62595799311431,-0.172200989885573,1.94918749926452,-0.371709691691142,-1.05615533665841,-7.3547926072521,-1.29939002012733,TRUE,9
5,12,-8.48197899842001,0.0189791746852419,-0.149187955539316,0.374448416543842,1.41076224170566,0.665803043212207,0.431916618967821,0.0154242627892638,0.0194545593659964,-0.0949893896338196,-0.0199671854956286,0.0160706713025559,TRUE,9
50,12,-1.43724271123366,0.170914403202196,-0.190217382489684,0.237579636668194,2.44508870800321,0.647681714840694,0.258244853276509,-0.32732920654839,-0.0466608920928354,-0.0636300929163784,-0.133225068570831,0.0534043087302623,TRUE,9
50,6,-6.69512593024479,0.456049276686289,0.021318691739584,0.189471378783835,2.60781612604099,1.05188735194635,0.392564901176855,0.0636533982712043,0.112117632575681,-0.0329678364928442,0.070315072416366,-0.0279549134265174,TRUE,9
10,12,0.213828097822942,0.0729221887645923,-0.078936143736619,-0.0757350654527577,-0.238702388037618,-0.115391258275524,-0.0145548837823989,0.189089741101139,-0.116135583929282,0.0180254123017494,0.0678854084106018,0.0262094953334769,TRUE,10
100,12,0.100496844466266,-1.76434436720491e-05,0.0208674559846584,-0.0911827450251378,-0.476118192679778,-0.248211360468291,-0.0281415608088225,0.0886551876232231,0.0312285380933778,0.0243406953782693,0.00413219009864981,-0.00199763831861904,TRUE,10
100,6,0.145890491112218,-0.0244051425611661,-0.00488933783353381,-0.0986943726735515,-0.729228198882861,-0.344316836325134,-0.0161652070325399,-0.0694661889697052,-0.0092106017332744,0.0123359220379529,0.0186002831422627,0.0218871883110092,TRUE,10
150,12,0.0621710824817026,0.0131398918531738,0.0228338883880477,-0.0809528666285246,-0.454833713336964,-0.171392154574145,0.0223310029613405,0.0314742176475103,0.00331398204857227,0.0133982974660554,0.00427780153083889,0.00346264019970105,TRUE,10
150,2,0.441902830453075,0.199881452902535,0.110360366689106,-0.145001522074767,0.00945358135148872,-0.279086330148586,-0.159376448541935,0.0263413878401538,-0.0814104718579171,-0.0362497066748672,0.124428471513405,-0.024072260277636,TRUE,10
150,6,0.109468768214303,-0.0603017287888802,-0.00886110375054365,-0.115074280370283,-0.730445387725875,-0.24805559883893,-0.00608055360720773,-0.0785751451458724,-0.00457676522532364,0.0237564842487402,0.00741875119585788,0.008806076355443,TRUE,10
20,12,0.235537275834639,0.0422877953062479,0.028706254462922,-0.0751528625473008,-0.327414182470889,-0.186242722181113,0.0238752006855529,0.115174027555284,-0.00277946600748196,0.0110796478729319,0.0385032768987834,-0.0178525204001601,TRUE,10
20,6,0.47681276576902,0.405369521279554,0.112850611972947,1.16700251212234,-0.313265754197834,0.210692149372998,0.13785473065943,0.500738143596637,-0.64688009613322,-0.865473068268065,1.20121004313269,0.233370103589586,TRUE,10
200,12,0.045299037731209,0.00246902098570399,0.00678091896742798,-0.0625211483810542,-0.40920465480988,-0.149279440278101,0.016020620603345,0.020179381132357,-0.0170357508680275,0.00876235424928252,-0.00201683705668265,0.00959942246300182,TRUE,10
200,2,0.252995060473852,0.0777681398195328,0.0628733295341913,-0.162510980556705,-0.217969930846158,-0.340487241789765,0.124174491052866,-0.155829707181969,-0.0448016694912307,0.023898318519412,0.0431553250063817,-0.0117255752335922,TRUE,10
200,6,0.0984957235399225,-0.0599628170651491,0.00752065726091297,-0.12360723519511,-0.694891414512698,-0.225274332123084,-0.0101045558965349,-0.102223628387212,-0.00159525784492059,0.0210715896603298,0.00301206767740717,0.00728908981023192,TRUE,10
5,12,0.178946884514654,0.0174872868527747,-0.375384175165044,0.139157979104652,-0.120403861744568,-0.408229964609457,0.0879843483267173,-0.000781394106628092,0.232621601591163,0.0325042263835505,-0.185455213888542,0.0905463574800156,TRUE,10
50,12,0.185962953384588,0.0251083491292245,0.0408292022650099,-0.0979059370229369,-0.427828312780309,-0.267868470518135,-0.0409981622678088,0.127501496648681,0.0154676895892921,0.0160869287557126,0.0191444785666435,0.00280294214026446,TRUE,10
50,6,0.24667752084621,0.0972743771590265,0.0732614419889302,-0.120322369343143,-0.44528760357136,-0.320067492586303,0.0677377540820913,-0.0279423014282783,-0.120118446342319,0.00918076025906342,0.0325430883678169,0.0246315641685211,TRUE,10
10,12,-6.14246951504478,0.352113298186378,-0.20403367522843,0.122851187505866,1.83492583441728,0.463454086041715,0.337665405978123,-0.272416942786967,0.0387493926776839,0.105622723073335,-0.0288133510858876,0.00334701813681244,TRUE,11
100,12,0.841373407593513,0.384954690285359,-0.170210650969232,0.0818126089716314,3.23736450034146,0.105898520838191,-0.227343376100852,-0.320939488144576,0.00499151037452348,0.0990142564294566,-0.0585210660855258,0.0582663670529679,TRUE,11
100,2,-57.7232014486506,1.22511118421813,-2.0019854896429,-0.85455823514565,9.37416988736116,9.05472369278639,5.13263960600427,-6.05200701343352,2.37509132653641,-0.294348550317462,-0.0863328406011668,0.328719902558561,TRUE,11
100,6,-2.06093651463898,0.572687765277278,-0.0585568135976412,0.153815286024268,3.66342816730866,0.0402843212095284,-0.553167763288437,0.100449091682197,0.0409866909354598,0.0587205962871911,0.0117724089903263,0.0634256389757969,TRUE,11
150,12,2.62031376209076,0.329758659717222,-0.0311422087860548,0.0961902263583944,3.41140284831866,-0.0454388146639773,-0.271499132589939,-0.128774638360432,-0.047153661129596,0.0337229886230658,-0.045286341628189,0.115861363104753,TRUE,11
150,2,-10.2307067988506,-0.46630186336634,0.0870756936917492,0.176813823481677,2.0631702701201,0.364035378448197,-0.863401301149305,0.454089553138144,0.153129862895089,0.0819249630552212,0.104592688779282,0.0636202548190006,TRUE,11
150,6,0.475839246737293,0.512618430951865,-0.00674300590840247,0.242799663766854,3.65568554721278,-0.119186447537092,-0.577335309979586,0.127306583982302,-0.0169349001858275,0.00437563713284454,-0.0282792945880255,0.0485719101410373,TRUE,11
20,12,-4.30264047657832,0.396373086199669,-0.192014908806437,0.100325733030116,2.11100446596844,0.539911193072519,0.242801351605449,-0.354020859146969,0.12291561689029,0.136200237642039,-0.102151745331962,0.00913607125532817,TRUE,11
20,6,-11.978456614669,-0.187185709739744,0.601701976998027,0.201047527402327,2.00281994257083,1.87740365978947,1.70381185325982,0.722944086443855,0.33024864623675,0.095810908956372,0.0730345907460555,0.027685788021316,TRUE,11
200,12,3.64274753981401,0.404202108365986,0.00563967417275396,0.176837118166387,3.40965466016658,-0.107289317418706,-0.303227969636619,-0.119957409651019,-0.0190109400622498,0.0365419198749471,-0.00878877116649847,0.239248648375034,TRUE,11
200,2,-7.37275907409727,-0.0660237764335053,-0.0461923268274843,0.25326868259979,2.51283057536101,-0.0477725401977804,-0.747497730146844,0.253457630721793,0.0583140478195248,0.0120128700143006,0.0257085357091168,0.0738110554914383,TRUE,11
200,6,1.87546638845395,0.47818323959819,0.0398832000397853,0.187965224828432,3.45768565690733,-0.129499498810261,-0.516921345113142,0.0889097554938738,9.02017970443491e-05,-0.00531670921478502,-0.0349164511489615,0.103453742838663,TRUE,11
3,12,-16.9626002135817,-0.289199382006377,-7.3350835932445,-2.00552854651026,1.74679659453889,1.91517581034987,0.153437899147078,3.30344249197191,-1.80823241747012,-0.930374689906868,-6.66207931298704,-3.23802549007656,TRUE,11
5,12,-8.71748848781922,0.178732394335052,-0.168330315190697,0.149300518021345,1.62210605807193,0.47726155151058,0.591892071419407,-0.147759144481659,-0.0432993121414659,0.110827281259893,-0.197950780670428,-0.0639655118725795,TRUE,11
50,12,-1.61477344507784,0.516414248845929,-0.179351553831156,0.0418602258028367,2.63796268652777,0.358916044822324,0.0872640854611547,-0.417685138097813,0.090577200030545,0.127245164811463,-0.0722497093840725,0.0439696593344189,TRUE,11
50,6,-7.36012821591491,0.57288801422956,-0.0857559377927099,0.255863490753154,2.87110121851258,0.440171234282991,-0.0104645121873238,0.0274383493880746,0.106304975307341,0.067994862432961,0.0811173277815539,0.11593754415497,TRUE,11
10,12,0.248408067157994,0.0103881832601395,-0.104629344056276,0.00338111763009879,-0.182257137535767,-0.033844117670103,-0.0161009514193931,0.109353742774184,-0.0823534701918669,-0.115311774233676,-0.00925498675404842,0.086795476951633,TRUE,12
100,12,0.121309025877302,-0.0353499833909767,0.0206491036879617,-0.0890389457441439,-0.485775478997268,-0.257195171598744,-0.091159054548782,0.0971475677743027,-0.0375519399574669,-0.0607555803306169,0.00161254699819152,0.0115229711983022,TRUE,12
100,6,0.141078862913503,-0.0476010810708057,0.00372102381444963,-0.0871746730104768,-0.738104436572003,-0.123420059929515,0.0928415171572374,-0.0660866793375493,-0.054711751745565,-0.0495276027143577,0.0217681297818998,-0.0257203692828069,TRUE,12
150,12,0.0851204896826069,0.00190012841697625,0.0386336551260658,-0.0869150310495035,-0.461618354817373,-0.212760636604908,-0.0485317551499712,0.04290871145154,-0.00354941204213213,-0.0308890917357259,-0.00375038211534556,0.000165240616645244,TRUE,12
150,2,0.184814760210658,0.325330087735798,-0.0650539634112109,-0.0500047736848598,0.342700284045223,-0.918302416435381,-0.48819578818511,-0.327844393840401,-0.281955986868617,0.0832543964622614,0.197794426355467,0.253764787869887,TRUE,12
150,6,0.115339768487498,-0.106415918787718,0.0104246732760917,-0.082592386301483,-0.774503234930648,-0.0731225907807395,0.0973732174383527,-0.0561970550460202,-0.0221195054739643,-0.0167300732173484,-0.00158347039899141,-0.0300666711361279,TRUE,12
20,12,0.271840066110497,0.00696404837765012,0.00607596524299265,-0.0955833885222908,-0.290120719995492,-0.232486220101631,-0.0582350318582409,0.0443426024631394,0.0234743990639477,-0.0494631484967582,-0.00735268933315564,-0.0185657448713926,TRUE,12
200,12,0.0568807476676627,0.0237136550570076,0.021652250177073,-0.081965733370552,-0.406360007631449,-0.203939869227525,-0.0533241746962364,0.0333150912790082,-0.0119738158436463,-0.0193132134448367,-0.00200218692524358,0.00244972896470771,TRUE,12
200,2,0.252516614162936,0.105081557067513,0.0431730995846882,-0.0404124284095641,0.027042771199883,-0.351720895856956,0.0486223477452513,-0.227652946150131,-0.0260363668081499,-0.0502992790244781,-0.026049119924974,0.0642013089665047,TRUE,12
200,6,0.105439415360113,-0.128738995993847,0.0221313599926746,-0.0814692874762779,-0.74583715104992,-0.0490672393165712,0.0969879845924028,-0.0674123997185486,-0.0170672938913188,-0.0191472132091613,0.00153879380120859,-0.0181129617250045,TRUE,12
5,12,0.238989452069818,0.0895605405195461,-0.515906849842743,-0.239370910999133,0.206578849828265,-0.443259428401786,0.183225577335314,-0.355132590929111,0.131195496768994,-0.452205787159148,-0.774373353843113,-1.01149991148535,TRUE,12
50,12,0.21611212419704,-0.0142392443727018,0.0468896609098066,-0.0667786841895602,-0.411114597217176,-0.250222369095683,-0.108932776909349,0.13623113731755,-0.00851082892200258,-0.0928082487064838,-0.000775953060555951,0.0262212997683336,TRUE,12
50,6,0.299512028732976,0.194898846453274,0.122740671291643,-0.17162284987685,-0.331451849742895,-0.0830681374224436,0.190761701869887,-0.246144378058206,-0.0777993933888171,0.0935223941252681,0.0122086468104106,-0.0354904844848838,TRUE,12
10,12,-4.97251876799848,-0.77181091565235,0.43089156892214,0.128689173510218,1.41522648558968,-0.00135007392856989,0.0752540690504031,0.318650972635049,0.936158438036472,0.0295494146107457,-0.0828736029605053,-0.3843219970414,TRUE,13
100,12,2.71757582289963,0.404382124143701,-0.0718033154957946,0.21500260572082,2.52489409549516,-0.319749493062627,-0.471393318614562,0.18380950669944,-0.462219552577922,0.299341814250107,0.249733118028247,0.142733753314413,TRUE,13
100,6,0.777038326319349,1.23246131223947,-0.00988954170172445,-0.22949985678516,3.11990641774827,-0.918019841852572,-0.577491655713952,-0.321865280712808,0.0851581459383761,-0.156690739906539,-0.148660817509685,0.00227578963065652,TRUE,13
150,12,4.69790554085124,0.264978424275814,0.262850943762942,0.0460192954189863,2.63110182376484,-0.720829627573467,-0.88103276590647,0.207196903733742,-0.33006336646951,0.185464815645752,-0.0476729530649459,0.164097208387993,TRUE,13
150,2,-43.4672259494008,0.0833261706374399,1.81390098332911,0.323118586706403,12.275803585734,-3.0647198893708,-5.45510055069068,1.1098287592413,2.22554291021538,2.02429519651528,-0.00982462129713031,0.789817576975891,TRUE,13
150,6,2.87506806999789,0.690032395849284,0.0375534431883017,-0.132270529979072,2.89118162032049,-0.758491283508879,-0.800587765034023,-0.20707939108292,-0.104467960704631,0.122233973147472,-0.155270064974682,0.181527994174408,TRUE,13
20,12,-2.66191930291971,-0.142194981207735,-0.0921052547360567,0.1408209015011,1.96767614498974,-0.312331643949016,-0.928060637176798,0.0476431666046506,0.0237201142173218,0.0469761812506349,0.058177059231003,0.264529895390847,TRUE,13
20,6,-69.9830456115842,-11.6007799902818,19.2752186040282,4.68499804996189,29.360123837338,13.85150559109,3.51631039347925,18.0793607445337,15.6535257218901,2.19956075343346,-3.47030186888072,-16.344666157791,TRUE,13
200,12,7.1733339165128,1.42180107799135,1.01559309372465,-0.0655726032704936,3.31525592344091,-1.30313822196304,-0.75059983112366,-1.05145040279653,1.43959757354252,0.0187463797869707,-0.269120379707798,0.526266790301217,TRUE,13
200,2,-5.30832035967503,0.584821857929399,0.175912503679236,-0.188478146647919,1.53264551209568,-0.225391919761865,-0.161707930784373,-0.0868843080646203,0.38962624373113,-0.0800718234884227,0.24249725031631,0.144827811898212,TRUE,13
200,6,4.34243783150646,0.252452663845439,0.289700012666058,0.130256623682377,2.93130693766861,-0.600481995287956,-0.804840486983152,-0.22267431675265,-0.0631057001812721,0.154849135162423,-0.308282033504891,0.557600863270384,TRUE,13
5,12,-9.12233263434571,0.25766912956152,0.88365554179483,-1.42672576911804,2.4411458438932,-0.51251280029702,-0.545918825584994,0.415805369523279,0.909804377151693,-0.287988645370317,-0.0674253592202718,-1.36532886805579,TRUE,13
50,12,0.306389268082262,0.239850200614814,-0.046818610048578,0.0722105556701701,2.20159835274438,-0.359915632404785,-0.284834541583073,-0.145481585913772,-0.36513554913923,0.0813974443624584,0.114901851266997,0.19928938786701,TRUE,13
50,6,-5.48514774864955,1.47789070910166,0.23853123107385,0.48908192254803,3.54054545238808,-0.52124638115687,0.455404090460114,0.594724532414143,0.428573498805582,-0.191070799076,0.309346430065313,-0.295767983499835,TRUE,13
10,12,0.22023509361762,-0.720490425963554,-0.387169298319971,0.45088723889161,-0.174428347048217,0.197645024151374,-0.571299338734847,0.483764764059426,-0.580020854764558,-0.467674818357844,0.358664055169603,0.619733389877948,TRUE,14
100,12,0.0914161232684581,0.155415540900591,0.0507534034862001,-0.185232601752324,-0.484540743910121,-0.132193649306152,0.0679458537759683,-0.053202780197771,0.0799011431258465,-0.0183180649671843,-0.0299324151251149,-0.0556648160043305,TRUE,14
100,6,0.0818365330827598,-0.209379124461966,-0.0942002741461302,0.0033859556361152,-0.736402799194661,0.131572045089112,0.169130855562243,-0.139277273280591,-0.100705381157227,0.0717042461745905,0.00822125045470922,0.0600081248949454,TRUE,14
150,12,0.0802842116552687,0.228071840395428,0.0700114676675854,-0.16053743521446,-0.400204436253657,-0.0991235347358769,0.177722306781168,-0.0799067929226772,0.0517629715625532,-0.0883660853607315,-0.031410477004233,-0.0576835348741797,TRUE,14
150,6,0.0766571685649426,-0.139352121266882,-0.0271042482916633,0.040081378942184,-0.679544690019072,0.0266472935838804,0.127507804517681,-0.0706433149831105,-0.0229601573211176,0.0374895618393948,-0.0167721062739302,0.00842517086265923,TRUE,14
20,12,0.17993184842044,0.0190144801918538,-0.131332493336536,-0.135684744579691,-0.226319096979873,-0.345903603547139,-0.0148998842026647,-0.386537526836928,-0.484948303582733,-0.0674857671911978,0.125822721886006,0.360114672911219,TRUE,14
200,12,0.0841819459750566,0.216704839526624,0.065501848317787,-0.140518184791899,-0.303646474539512,-0.118759613485432,0.169807604075324,-0.0844455297430365,0.0139363951293506,-0.0938863582827277,-0.0350620384898655,-0.0317053422489435,TRUE,14
200,2,0.618039552872255,0.676973163730772,0.241773545163909,-0.771029395759388,-0.341653995920813,-0.694688898990157,-0.2023681631725,0.358919749914642,-0.00439972482969316,-0.834027768705928,0.00422555704205978,0.348495132345667,TRUE,14
200,6,0.0654275044474707,-0.150166105065195,-0.0140222149748889,0.0293312914386764,-0.684355594808872,0.045626017724334,0.101413133767635,-0.0405940836437654,-0.0327208556935079,0.0451862796014948,-0.00262664589022322,0.0206176977207568,TRUE,14
50,12,0.169311315931839,0.11580730658236,0.177686773031874,-0.155545730600821,-0.446063405252686,-0.18051494337244,0.134820986624252,-0.0924169956816819,0.165138426607032,0.00438684582889483,-0.0782456779820498,-0.228456219440467,TRUE,14
50,6,0.130470306110681,-0.417768317962838,-0.396457440290168,0.412966031874322,-0.605640319569491,-0.0872526363625904,-0.0993172981474755,-0.00153159577996378,-0.487430349901445,0.130287679679654,0.0692081108537349,0.409935594498062,TRUE,14
10,12,-5.03073171138489,0.250554435717779,0.22338951480044,-0.258292450555621,1.54667338085913,-0.172306741721508,0.0628391482530154,0.0533069929748613,0.100438819604531,0.510210272333326,0.21284599052869,-0.110705668767268,TRUE,15
100,12,2.75772065009904,-0.0560798661174982,-0.030410404190669,0.403205767774646,2.5048438139462,-0.216623704236378,-0.614909653721729,0.232676615456561,-0.125354700520751,-0.30915152877289,0.171813501750013,0.114531087079665,TRUE,15
100,6,0.563612868819722,0.234056628952377,-0.174370136210208,0.187027011349666,3.09554358712689,-0.402396067691039,-0.822058595168325,0.0823015290340743,0.0789569567144423,-0.103018619467569,-0.053974556551578,0.181213443985716,TRUE,15
150,12,5.0932112990388,0.289117327376745,0.691700257924015,0.267153541339407,2.84761445330319,-0.67029434277119,-1.07127014198357,0.381302507688915,0.361898039566627,-0.623935219223385,0.0144165472923754,-0.578542209714913,TRUE,15
150,2,-50.9640946262874,-0.640446767043138,7.77787444300579,10.1495385610006,11.4798587828809,5.20625021329616,-5.88504372936252,12.565483055754,3.43955510838499,1.26480061211414,0.360442828438196,0.916125675600937,TRUE,15
150,6,2.94420712664207,0.651937443552218,0.210749651603625,-0.099590926908133,3.12427447818918,-0.414638241460049,-0.98499432373339,-0.156050358696357,0.372940315225349,-0.379095105107864,-0.249857182775331,0.0554355079310625,TRUE,15
20,12,-2.66049460153316,-0.299693187805926,0.0773828619557099,-0.0264769710794888,1.96413247880994,-0.397059985238903,-1.02773310054732,0.044098868366316,0.22762271411586,0.0452015043043449,-0.0969333532985078,-0.181890277455629,TRUE,15
20,6,-15.1332936212928,-2.20770196877034,2.1709180924249,0.253508184295339,4.29173833152505,4.43276179762247,2.27805495785366,1.99260055724076,0.978805225164582,-0.0270875536578943,-0.981749996764323,-0.861226433384318,TRUE,15
200,12,6.57632446031835,0.10132584903635,0.531425113070307,0.396321726824027,3.26929042934936,-0.77672557816518,-0.934391389639618,-0.527787481668019,-0.155665102996965,-0.674561307022767,0.214799653593373,-0.171465807859971,TRUE,15
200,2,-5.69484072139551,0.188031906356227,0.236520666766163,0.0606555659932884,1.89129777186072,0.119540016719788,-0.54879829438724,0.288005885962085,0.0875917660882927,0.0407755190588362,0.540504564563272,0.2572670502097,TRUE,15
200,6,4.44689326655943,0.7328337255925,0.559407470907489,-0.0347271511435507,3.20944221925296,-0.376706270888393,-0.824021282303783,-0.30391541600072,0.408535827661538,-0.216080265133335,-0.385588019291047,0.0367313397382646,TRUE,15
5,12,-11.6811107460907,-1.23364498207795,0.787183600813124,-2.28999734529063,2.80899828869747,-2.12051879717184,0.232034056415532,-0.901531282802762,0.0688641387605867,-0.42094174113015,0.998666863184989,0.750754198610652,TRUE,15
50,12,0.317823713616793,-0.379942965963965,0.0193979745175246,0.170699024992632,2.1369849400279,-0.25082691278532,-0.374019521232073,0.028761218845346,0.00389658314199304,-0.425898159900806,0.0539008258499406,0.1062972688676,TRUE,15
50,6,-6.08131854117794,0.18427447982062,-0.214744660996164,1.27690130508295,4.00865354667388,-0.311216392251467,-0.654480304781132,1.28785958903995,-0.39454778753629,0.38172627718772,0.591209543760367,0.140639557805452,TRUE,15
10,12,-0.0607498136396193,0.519588666094003,-0.0904687848646762,-0.0657507753502641,-0.350104293706281,-0.0531127948441504,0.391983187188329,-0.0475157805666343,-0.0742242403694343,-0.211960182945055,0.328933447558021,0.0348328155191468,TRUE,16
100,12,0.0764612935006514,0.220894163919859,0.0392668967283262,-0.105560412082016,-0.456742607289395,-0.0671254852082858,0.0103280785698329,0.0317118946929204,0.0583668627816746,0.0967891055824773,0.0109035256583388,0.0124848533231504,TRUE,16
100,6,0.126323987594867,0.00897166476860405,-0.0394940956106449,-0.0659175887252213,-0.735564847061972,0.0802132311767376,0.256994309896277,-0.187641243959144,-0.015048792141949,-0.0337338879351868,-0.0309342836857797,0.0274052483664878,TRUE,16
150,12,0.0429555652311043,0.220868784206222,0.0478862248020066,-0.0688735850542408,-0.359360188869286,-0.0184115583464452,0.107453211819994,-0.013118012892287,0.0782804732661486,0.165405533757838,0.0169416843066038,0.00401095583156513,TRUE,16
150,6,0.099204400802207,0.0670608287398225,-0.00746913075879228,-0.0157903857733322,-0.665740983374432,-0.044161941726342,0.162939377841834,-0.143386865830865,-0.0280868505216962,0.0313366072957254,-0.0567865106629987,-0.0431811582509096,TRUE,16
20,12,0.180827541836544,0.0718872805704419,0.0656651481812644,-0.220602604083671,-0.294110667793322,-0.0328516957202654,0.220659043710354,-0.245643018851973,-0.150583216289221,-0.185320905605049,-0.0579177934277595,-0.0218282573926899,TRUE,16
200,12,0.0487896313637307,0.152173719378572,0.055957396707819,-0.0535329346907723,-0.274458342922513,-0.0507431112150557,0.0897199539078664,-0.0137951014965943,0.0918147262267711,0.174159936974095,0.00236913398445343,-0.00714131765736095,TRUE,16
200,2,0.0365126404346137,0.285495824803046,-0.072217634557056,0.0743277731888214,-0.450626704492495,-0.715973792720962,-0.120932866840463,-0.240885455779525,-0.273770609894767,0.304550493018235,0.229898727731041,0.142873381313239,TRUE,16
200,6,0.0916904259321071,-0.0297072038436485,0.0142597682398645,-0.0209353789046095,-0.696274363723591,-0.0497553050340541,0.111190544406711,-0.0973027378957836,0.00994474754263636,0.0807725838701167,-0.0610945680587937,-0.0821089715161792,TRUE,16
50,12,0.177802774785212,0.129597136098156,0.133350402525449,-0.0573241611642013,-0.46463989305523,-0.12712635422401,0.118481092666842,-0.00527372436019149,0.118825448839778,-0.00944531114343823,-0.0823579795576374,-0.0745695077947136,TRUE,16
50,6,0.220630894952588,0.189225770528419,-0.209930711034862,0.353519464531353,-0.443897844819818,-0.234279663855974,0.0850113865981059,-0.0198306356476749,-0.00317416282764382,0.00178276653233216,-0.00808411222406928,0.2212859998712,TRUE,16
10,12,2.3292209540961,0.276899257433614,-1.03622554368831,0.209691829620959,0.986652727021968,0.149968980290819,-0.160144842451439,0.104868920081712,0.156402248316837,-0.297784117503585,-0.116410732643447,-0.16281741312241,TRUE,5
10,6,0.81343934780124,-0.356277820433022,-1.36049204523116,0.0319122994397363,0.725747887232746,-0.397103567278061,-0.56697200194627,0.0678931795041029,-0.0841712050692427,-0.317677919489071,0.15546813165485,-0.584081427133859,TRUE,5
100,12,13.7943825018246,-2.17785625238996,-0.253696542990389,2.96239502542999,3.49200800996642,1.47670667103958,-0.937454465003154,6.4578158404562,-4.05709038569379,1.02947886492647,0.561494432475774,2.28884119655443,TRUE,5
100,2,5.70530771692982,-0.436631969323993,-1.88445306717161,0.491247405332193,1.81454352487656,-0.413286572331722,-0.316686976382824,0.055627566868712,0.825615122491784,-0.149131895469912,-0.0312026885958399,-1.00766970096367,TRUE,5
100,6,8.1388412486968,-1.87020114527426,-0.657709774902286,-0.29089314315487,0.80220220340567,0.546397950581171,-1.17461416685753,1.84354561369712,0.791439666571749,1.83350675796736,0.862866879891072,0.163880919586789,TRUE,5
150,12,127.971544018247,-1.86403826666667,-8.2671109172914,43.3630586243038,33.3141805121147,68.9787711020694,36.6510282701961,49.8809571917276,3.99337710176132,32.194765827004,2.76029163977114,18.2868774303043,TRUE,5
150,2,6.7485848060383,-0.190123909468864,-1.18723029780421,0.400282318036766,1.75051080352156,-0.750849857771221,-0.747171596249955,0.556254145318099,0.952582850136201,-0.236205184329161,0.229337398223759,-0.923503703323669,TRUE,5
20,12,4.02954261299244,0.178433658787713,-0.53674868917356,0.165968520666563,1.05302575095541,-0.135047199341962,-0.499843966664727,0.334036410463764,0.461048938049421,-0.0946995163038259,-0.185058561696107,-0.47714085672633,TRUE,5
20,2,-4.89391598991093,-0.420113307561494,-1.96898678439596,-0.233017724822921,-0.211981405683115,-0.536645068963217,-0.31657581669375,0.373801783308534,-0.933939374298599,-0.981111498514491,-0.95520630565193,-1.50588796915889,TRUE,5
20,6,3.06753033783906,-0.116748920187344,-1.56993125725492,-0.0412178149920626,1.1776567454095,-0.147897854788897,-0.356246096171868,-0.384821803877903,0.0941824155688184,-0.247135943494229,-0.0787745155383297,-0.419449924809975,TRUE,5
200,2,7.1743218323835,-0.197722530141614,-0.648650782062318,-0.282453437818916,1.3720637569631,-0.829753987536786,-0.87465722311011,0.547305404961213,0.725650854465619,0.0719427109171481,0.22254333674926,-0.837438314770539,TRUE,5
3,12,-1.21708271322442,-0.0755814817749567,-0.698234578510478,-0.0437811597731928,0.460999267741924,-0.209798672692534,-0.000503105546983999,0.333846747493863,0.318086105733645,-0.180857207618227,-0.33531908647889,-0.467833939543073,TRUE,5
3,6,-2.24970430549552,0.178816291064445,-0.990501417106726,0.450608542295528,-0.113022519573775,-0.105734803053723,0.158748496080193,0.907166782127094,-0.119418487112447,-0.00131470010260397,0.0398965635277056,0.165147590198767,TRUE,5
5,12,0.0653797945639896,-0.296681428400431,-1.15551382393752,0.0890464500412778,0.671956810728914,0.163156248584174,0.0495026012752782,0.381823590112569,0.108729775004491,-0.0116045801113374,-0.12542701692414,-0.0820798155411678,TRUE,5
5,6,-0.828507010275375,-0.044127993431235,-0.942851703090043,0.36953812912667,0.392214359483093,-0.304192959193637,-0.35992801124544,0.872142350556473,0.0832839706049085,-0.318943525986242,-0.339614361448581,-0.389014667027339,TRUE,5
50,12,5.35584642362811,0.611814234908679,-0.691933626767293,0.0865231742141725,0.67776290138566,-0.187301525473969,0.0841329565391789,0.0656795052246722,-0.392051449270497,0.0341581676280502,0.293460223483781,0.0719164229953461,TRUE,5
50,2,1.57195879558801,-0.411825917155305,-2.4252265472951,0.345152495320069,0.93008307232935,0.0592530886753373,0.529259642685621,-0.287703816506185,-0.110927361779257,-0.725037544866949,0.138100230561762,-0.875009404212348,TRUE,5
50,6,4.21353560023607,0.264386801163387,-0.841791148543065,-0.229102490349634,0.739065583947608,-0.315891839687938,-0.231214234344919,-0.273305751406147,0.241759131219495,-0.271970761943693,-0.0802245201678852,-0.437236918492825,TRUE,5
